date;annee;mois;Jour;mois_nom;annee_mois;jour_semaine;trimestre
43831;2020;1;01;janvier;43831;4;Q1
43832;2020;1;02;janvier;43831;5;Q1
43833;2020;1;03;janvier;43831;6;Q1
43834;2020;1;04;janvier;43831;7;Q1
43835;2020;1;05;janvier;43831;1;Q1
43836;2020;1;06;janvier;43831;2;Q1
43837;2020;1;07;janvier;43831;3;Q1
43838;2020;1;08;janvier;43831;4;Q1
43839;2020;1;09;janvier;43831;5;Q1
43840;2020;1;10;janvier;43831;6;Q1
43841;2020;1;11;janvier;43831;7;Q1
43842;2020;1;12;janvier;43831;1;Q1
43843;2020;1;13;janvier;43831;2;Q1
43844;2020;1;14;janvier;43831;3;Q1
43845;2020;1;15;janvier;43831;4;Q1
43846;2020;1;16;janvier;43831;5;Q1
43847;2020;1;17;janvier;43831;6;Q1
43848;2020;1;18;janvier;43831;7;Q1
43849;2020;1;19;janvier;43831;1;Q1
43850;2020;1;20;janvier;43831;2;Q1
43851;2020;1;21;janvier;43831;3;Q1
43852;2020;1;22;janvier;43831;4;Q1
43853;2020;1;23;janvier;43831;5;Q1
43854;2020;1;24;janvier;43831;6;Q1
43855;2020;1;25;janvier;43831;7;Q1
43856;2020;1;26;janvier;43831;1;Q1
43857;2020;1;27;janvier;43831;2;Q1
43858;2020;1;28;janvier;43831;3;Q1
43859;2020;1;29;janvier;43831;4;Q1
43860;2020;1;30;janvier;43831;5;Q1
43861;2020;1;31;janvier;43831;6;Q1
43862;2020;2;01;février;43862;7;Q1
43863;2020;2;02;février;43862;1;Q1
43864;2020;2;03;février;43862;2;Q1
43865;2020;2;04;février;43862;3;Q1
43866;2020;2;05;février;43862;4;Q1
43867;2020;2;06;février;43862;5;Q1
43868;2020;2;07;février;43862;6;Q1
43869;2020;2;08;février;43862;7;Q1
43870;2020;2;09;février;43862;1;Q1
43871;2020;2;10;février;43862;2;Q1
43872;2020;2;11;février;43862;3;Q1
43873;2020;2;12;février;43862;4;Q1
43874;2020;2;13;février;43862;5;Q1
43875;2020;2;14;février;43862;6;Q1
43876;2020;2;15;février;43862;7;Q1
43877;2020;2;16;février;43862;1;Q1
43878;2020;2;17;février;43862;2;Q1
43879;2020;2;18;février;43862;3;Q1
43880;2020;2;19;février;43862;4;Q1
43881;2020;2;20;février;43862;5;Q1
43882;2020;2;21;février;43862;6;Q1
43883;2020;2;22;février;43862;7;Q1
43884;2020;2;23;février;43862;1;Q1
43885;2020;2;24;février;43862;2;Q1
43886;2020;2;25;février;43862;3;Q1
43887;2020;2;26;février;43862;4;Q1
43888;2020;2;27;février;43862;5;Q1
43889;2020;2;28;février;43862;6;Q1
43890;2020;2;29;février;43862;7;Q1
43891;2020;3;01;mars;43891;1;Q1
43892;2020;3;02;mars;43891;2;Q1
43893;2020;3;03;mars;43891;3;Q1
43894;2020;3;04;mars;43891;4;Q1
43895;2020;3;05;mars;43891;5;Q1
43896;2020;3;06;mars;43891;6;Q1
43897;2020;3;07;mars;43891;7;Q1
43898;2020;3;08;mars;43891;1;Q1
43899;2020;3;09;mars;43891;2;Q1
43900;2020;3;10;mars;43891;3;Q1
43901;2020;3;11;mars;43891;4;Q1
43902;2020;3;12;mars;43891;5;Q1
43903;2020;3;13;mars;43891;6;Q1
43904;2020;3;14;mars;43891;7;Q1
43905;2020;3;15;mars;43891;1;Q1
43906;2020;3;16;mars;43891;2;Q1
43907;2020;3;17;mars;43891;3;Q1
43908;2020;3;18;mars;43891;4;Q1
43909;2020;3;19;mars;43891;5;Q1
43910;2020;3;20;mars;43891;6;Q1
43911;2020;3;21;mars;43891;7;Q1
43912;2020;3;22;mars;43891;1;Q1
43913;2020;3;23;mars;43891;2;Q1
43914;2020;3;24;mars;43891;3;Q1
43915;2020;3;25;mars;43891;4;Q1
43916;2020;3;26;mars;43891;5;Q1
43917;2020;3;27;mars;43891;6;Q1
43918;2020;3;28;mars;43891;7;Q1
43919;2020;3;29;mars;43891;1;Q1
43920;2020;3;30;mars;43891;2;Q1
43921;2020;3;31;mars;43891;3;Q1
43922;2020;4;01;avril;43922;4;Q2
43923;2020;4;02;avril;43922;5;Q2
43924;2020;4;03;avril;43922;6;Q2
43925;2020;4;04;avril;43922;7;Q2
43926;2020;4;05;avril;43922;1;Q2
43927;2020;4;06;avril;43922;2;Q2
43928;2020;4;07;avril;43922;3;Q2
43929;2020;4;08;avril;43922;4;Q2
43930;2020;4;09;avril;43922;5;Q2
43931;2020;4;10;avril;43922;6;Q2
43932;2020;4;11;avril;43922;7;Q2
43933;2020;4;12;avril;43922;1;Q2
43934;2020;4;13;avril;43922;2;Q2
43935;2020;4;14;avril;43922;3;Q2
43936;2020;4;15;avril;43922;4;Q2
43937;2020;4;16;avril;43922;5;Q2
43938;2020;4;17;avril;43922;6;Q2
43939;2020;4;18;avril;43922;7;Q2
43940;2020;4;19;avril;43922;1;Q2
43941;2020;4;20;avril;43922;2;Q2
43942;2020;4;21;avril;43922;3;Q2
43943;2020;4;22;avril;43922;4;Q2
43944;2020;4;23;avril;43922;5;Q2
43945;2020;4;24;avril;43922;6;Q2
43946;2020;4;25;avril;43922;7;Q2
43947;2020;4;26;avril;43922;1;Q2
43948;2020;4;27;avril;43922;2;Q2
43949;2020;4;28;avril;43922;3;Q2
43950;2020;4;29;avril;43922;4;Q2
43951;2020;4;30;avril;43922;5;Q2
43952;2020;5;01;mai;43952;6;Q2
43953;2020;5;02;mai;43952;7;Q2
43954;2020;5;03;mai;43952;1;Q2
43955;2020;5;04;mai;43952;2;Q2
43956;2020;5;05;mai;43952;3;Q2
43957;2020;5;06;mai;43952;4;Q2
43958;2020;5;07;mai;43952;5;Q2
43959;2020;5;08;mai;43952;6;Q2
43960;2020;5;09;mai;43952;7;Q2
43961;2020;5;10;mai;43952;1;Q2
43962;2020;5;11;mai;43952;2;Q2
43963;2020;5;12;mai;43952;3;Q2
43964;2020;5;13;mai;43952;4;Q2
43965;2020;5;14;mai;43952;5;Q2
43966;2020;5;15;mai;43952;6;Q2
43967;2020;5;16;mai;43952;7;Q2
43968;2020;5;17;mai;43952;1;Q2
43969;2020;5;18;mai;43952;2;Q2
43970;2020;5;19;mai;43952;3;Q2
43971;2020;5;20;mai;43952;4;Q2
43972;2020;5;21;mai;43952;5;Q2
43973;2020;5;22;mai;43952;6;Q2
43974;2020;5;23;mai;43952;7;Q2
43975;2020;5;24;mai;43952;1;Q2
43976;2020;5;25;mai;43952;2;Q2
43977;2020;5;26;mai;43952;3;Q2
43978;2020;5;27;mai;43952;4;Q2
43979;2020;5;28;mai;43952;5;Q2
43980;2020;5;29;mai;43952;6;Q2
43981;2020;5;30;mai;43952;7;Q2
43982;2020;5;31;mai;43952;1;Q2
43983;2020;6;01;juin;43983;2;Q2
43984;2020;6;02;juin;43983;3;Q2
43985;2020;6;03;juin;43983;4;Q2
43986;2020;6;04;juin;43983;5;Q2
43987;2020;6;05;juin;43983;6;Q2
43988;2020;6;06;juin;43983;7;Q2
43989;2020;6;07;juin;43983;1;Q2
43990;2020;6;08;juin;43983;2;Q2
43991;2020;6;09;juin;43983;3;Q2
43992;2020;6;10;juin;43983;4;Q2
43993;2020;6;11;juin;43983;5;Q2
43994;2020;6;12;juin;43983;6;Q2
43995;2020;6;13;juin;43983;7;Q2
43996;2020;6;14;juin;43983;1;Q2
43997;2020;6;15;juin;43983;2;Q2
43998;2020;6;16;juin;43983;3;Q2
43999;2020;6;17;juin;43983;4;Q2
44000;2020;6;18;juin;43983;5;Q2
44001;2020;6;19;juin;43983;6;Q2
44002;2020;6;20;juin;43983;7;Q2
44003;2020;6;21;juin;43983;1;Q2
44004;2020;6;22;juin;43983;2;Q2
44005;2020;6;23;juin;43983;3;Q2
44006;2020;6;24;juin;43983;4;Q2
44007;2020;6;25;juin;43983;5;Q2
44008;2020;6;26;juin;43983;6;Q2
44009;2020;6;27;juin;43983;7;Q2
44010;2020;6;28;juin;43983;1;Q2
44011;2020;6;29;juin;43983;2;Q2
44012;2020;6;30;juin;43983;3;Q2
44013;2020;7;01;juillet;44013;4;Q3
44014;2020;7;02;juillet;44013;5;Q3
44015;2020;7;03;juillet;44013;6;Q3
44016;2020;7;04;juillet;44013;7;Q3
44017;2020;7;05;juillet;44013;1;Q3
44018;2020;7;06;juillet;44013;2;Q3
44019;2020;7;07;juillet;44013;3;Q3
44020;2020;7;08;juillet;44013;4;Q3
44021;2020;7;09;juillet;44013;5;Q3
44022;2020;7;10;juillet;44013;6;Q3
44023;2020;7;11;juillet;44013;7;Q3
44024;2020;7;12;juillet;44013;1;Q3
44025;2020;7;13;juillet;44013;2;Q3
44026;2020;7;14;juillet;44013;3;Q3
44027;2020;7;15;juillet;44013;4;Q3
44028;2020;7;16;juillet;44013;5;Q3
44029;2020;7;17;juillet;44013;6;Q3
44030;2020;7;18;juillet;44013;7;Q3
44031;2020;7;19;juillet;44013;1;Q3
44032;2020;7;20;juillet;44013;2;Q3
44033;2020;7;21;juillet;44013;3;Q3
44034;2020;7;22;juillet;44013;4;Q3
44035;2020;7;23;juillet;44013;5;Q3
44036;2020;7;24;juillet;44013;6;Q3
44037;2020;7;25;juillet;44013;7;Q3
44038;2020;7;26;juillet;44013;1;Q3
44039;2020;7;27;juillet;44013;2;Q3
44040;2020;7;28;juillet;44013;3;Q3
44041;2020;7;29;juillet;44013;4;Q3
44042;2020;7;30;juillet;44013;5;Q3
44043;2020;7;31;juillet;44013;6;Q3
44044;2020;8;01;août;44044;7;Q3
44045;2020;8;02;août;44044;1;Q3
44046;2020;8;03;août;44044;2;Q3
44047;2020;8;04;août;44044;3;Q3
44048;2020;8;05;août;44044;4;Q3
44049;2020;8;06;août;44044;5;Q3
44050;2020;8;07;août;44044;6;Q3
44051;2020;8;08;août;44044;7;Q3
44052;2020;8;09;août;44044;1;Q3
44053;2020;8;10;août;44044;2;Q3
44054;2020;8;11;août;44044;3;Q3
44055;2020;8;12;août;44044;4;Q3
44056;2020;8;13;août;44044;5;Q3
44057;2020;8;14;août;44044;6;Q3
44058;2020;8;15;août;44044;7;Q3
44059;2020;8;16;août;44044;1;Q3
44060;2020;8;17;août;44044;2;Q3
44061;2020;8;18;août;44044;3;Q3
44062;2020;8;19;août;44044;4;Q3
44063;2020;8;20;août;44044;5;Q3
44064;2020;8;21;août;44044;6;Q3
44065;2020;8;22;août;44044;7;Q3
44066;2020;8;23;août;44044;1;Q3
44067;2020;8;24;août;44044;2;Q3
44068;2020;8;25;août;44044;3;Q3
44069;2020;8;26;août;44044;4;Q3
44070;2020;8;27;août;44044;5;Q3
44071;2020;8;28;août;44044;6;Q3
44072;2020;8;29;août;44044;7;Q3
44073;2020;8;30;août;44044;1;Q3
44074;2020;8;31;août;44044;2;Q3
44075;2020;9;01;septembre;44075;3;Q3
44076;2020;9;02;septembre;44075;4;Q3
44077;2020;9;03;septembre;44075;5;Q3
44078;2020;9;04;septembre;44075;6;Q3
44079;2020;9;05;septembre;44075;7;Q3
44080;2020;9;06;septembre;44075;1;Q3
44081;2020;9;07;septembre;44075;2;Q3
44082;2020;9;08;septembre;44075;3;Q3
44083;2020;9;09;septembre;44075;4;Q3
44084;2020;9;10;septembre;44075;5;Q3
44085;2020;9;11;septembre;44075;6;Q3
44086;2020;9;12;septembre;44075;7;Q3
44087;2020;9;13;septembre;44075;1;Q3
44088;2020;9;14;septembre;44075;2;Q3
44089;2020;9;15;septembre;44075;3;Q3
44090;2020;9;16;septembre;44075;4;Q3
44091;2020;9;17;septembre;44075;5;Q3
44092;2020;9;18;septembre;44075;6;Q3
44093;2020;9;19;septembre;44075;7;Q3
44094;2020;9;20;septembre;44075;1;Q3
44095;2020;9;21;septembre;44075;2;Q3
44096;2020;9;22;septembre;44075;3;Q3
44097;2020;9;23;septembre;44075;4;Q3
44098;2020;9;24;septembre;44075;5;Q3
44099;2020;9;25;septembre;44075;6;Q3
44100;2020;9;26;septembre;44075;7;Q3
44101;2020;9;27;septembre;44075;1;Q3
44102;2020;9;28;septembre;44075;2;Q3
44103;2020;9;29;septembre;44075;3;Q3
44104;2020;9;30;septembre;44075;4;Q3
44105;2020;10;01;octobre;44105;5;Q4
44106;2020;10;02;octobre;44105;6;Q4
44107;2020;10;03;octobre;44105;7;Q4
44108;2020;10;04;octobre;44105;1;Q4
44109;2020;10;05;octobre;44105;2;Q4
44110;2020;10;06;octobre;44105;3;Q4
44111;2020;10;07;octobre;44105;4;Q4
44112;2020;10;08;octobre;44105;5;Q4
44113;2020;10;09;octobre;44105;6;Q4
44114;2020;10;10;octobre;44105;7;Q4
44115;2020;10;11;octobre;44105;1;Q4
44116;2020;10;12;octobre;44105;2;Q4
44117;2020;10;13;octobre;44105;3;Q4
44118;2020;10;14;octobre;44105;4;Q4
44119;2020;10;15;octobre;44105;5;Q4
44120;2020;10;16;octobre;44105;6;Q4
44121;2020;10;17;octobre;44105;7;Q4
44122;2020;10;18;octobre;44105;1;Q4
44123;2020;10;19;octobre;44105;2;Q4
44124;2020;10;20;octobre;44105;3;Q4
44125;2020;10;21;octobre;44105;4;Q4
44126;2020;10;22;octobre;44105;5;Q4
44127;2020;10;23;octobre;44105;6;Q4
44128;2020;10;24;octobre;44105;7;Q4
44129;2020;10;25;octobre;44105;1;Q4
44130;2020;10;26;octobre;44105;2;Q4
44131;2020;10;27;octobre;44105;3;Q4
44132;2020;10;28;octobre;44105;4;Q4
44133;2020;10;29;octobre;44105;5;Q4
44134;2020;10;30;octobre;44105;6;Q4
44135;2020;10;31;octobre;44105;7;Q4
44136;2020;11;01;novembre;44136;1;Q4
44137;2020;11;02;novembre;44136;2;Q4
44138;2020;11;03;novembre;44136;3;Q4
44139;2020;11;04;novembre;44136;4;Q4
44140;2020;11;05;novembre;44136;5;Q4
44141;2020;11;06;novembre;44136;6;Q4
44142;2020;11;07;novembre;44136;7;Q4
44143;2020;11;08;novembre;44136;1;Q4
44144;2020;11;09;novembre;44136;2;Q4
44145;2020;11;10;novembre;44136;3;Q4
44146;2020;11;11;novembre;44136;4;Q4
44147;2020;11;12;novembre;44136;5;Q4
44148;2020;11;13;novembre;44136;6;Q4
44149;2020;11;14;novembre;44136;7;Q4
44150;2020;11;15;novembre;44136;1;Q4
44151;2020;11;16;novembre;44136;2;Q4
44152;2020;11;17;novembre;44136;3;Q4
44153;2020;11;18;novembre;44136;4;Q4
44154;2020;11;19;novembre;44136;5;Q4
44155;2020;11;20;novembre;44136;6;Q4
44156;2020;11;21;novembre;44136;7;Q4
44157;2020;11;22;novembre;44136;1;Q4
44158;2020;11;23;novembre;44136;2;Q4
44159;2020;11;24;novembre;44136;3;Q4
44160;2020;11;25;novembre;44136;4;Q4
44161;2020;11;26;novembre;44136;5;Q4
44162;2020;11;27;novembre;44136;6;Q4
44163;2020;11;28;novembre;44136;7;Q4
44164;2020;11;29;novembre;44136;1;Q4
44165;2020;11;30;novembre;44136;2;Q4
44166;2020;12;01;décembre;44166;3;Q4
44167;2020;12;02;décembre;44166;4;Q4
44168;2020;12;03;décembre;44166;5;Q4
44169;2020;12;04;décembre;44166;6;Q4
44170;2020;12;05;décembre;44166;7;Q4
44171;2020;12;06;décembre;44166;1;Q4
44172;2020;12;07;décembre;44166;2;Q4
44173;2020;12;08;décembre;44166;3;Q4
44174;2020;12;09;décembre;44166;4;Q4
44175;2020;12;10;décembre;44166;5;Q4
44176;2020;12;11;décembre;44166;6;Q4
44177;2020;12;12;décembre;44166;7;Q4
44178;2020;12;13;décembre;44166;1;Q4
44179;2020;12;14;décembre;44166;2;Q4
44180;2020;12;15;décembre;44166;3;Q4
44181;2020;12;16;décembre;44166;4;Q4
44182;2020;12;17;décembre;44166;5;Q4
44183;2020;12;18;décembre;44166;6;Q4
44184;2020;12;19;décembre;44166;7;Q4
44185;2020;12;20;décembre;44166;1;Q4
44186;2020;12;21;décembre;44166;2;Q4
44187;2020;12;22;décembre;44166;3;Q4
44188;2020;12;23;décembre;44166;4;Q4
44189;2020;12;24;décembre;44166;5;Q4
44190;2020;12;25;décembre;44166;6;Q4
44191;2020;12;26;décembre;44166;7;Q4
44192;2020;12;27;décembre;44166;1;Q4
44193;2020;12;28;décembre;44166;2;Q4
44194;2020;12;29;décembre;44166;3;Q4
44195;2020;12;30;décembre;44166;4;Q4
44196;2020;12;31;décembre;44166;5;Q4
44197;2021;1;01;janvier;44197;6;Q1
44198;2021;1;02;janvier;44197;7;Q1
44199;2021;1;03;janvier;44197;1;Q1
44200;2021;1;04;janvier;44197;2;Q1
44201;2021;1;05;janvier;44197;3;Q1
44202;2021;1;06;janvier;44197;4;Q1
44203;2021;1;07;janvier;44197;5;Q1
44204;2021;1;08;janvier;44197;6;Q1
44205;2021;1;09;janvier;44197;7;Q1
44206;2021;1;10;janvier;44197;1;Q1
44207;2021;1;11;janvier;44197;2;Q1
44208;2021;1;12;janvier;44197;3;Q1
44209;2021;1;13;janvier;44197;4;Q1
44210;2021;1;14;janvier;44197;5;Q1
44211;2021;1;15;janvier;44197;6;Q1
44212;2021;1;16;janvier;44197;7;Q1
44213;2021;1;17;janvier;44197;1;Q1
44214;2021;1;18;janvier;44197;2;Q1
44215;2021;1;19;janvier;44197;3;Q1
44216;2021;1;20;janvier;44197;4;Q1
44217;2021;1;21;janvier;44197;5;Q1
44218;2021;1;22;janvier;44197;6;Q1
44219;2021;1;23;janvier;44197;7;Q1
44220;2021;1;24;janvier;44197;1;Q1
44221;2021;1;25;janvier;44197;2;Q1
44222;2021;1;26;janvier;44197;3;Q1
44223;2021;1;27;janvier;44197;4;Q1
44224;2021;1;28;janvier;44197;5;Q1
44225;2021;1;29;janvier;44197;6;Q1
44226;2021;1;30;janvier;44197;7;Q1
44227;2021;1;31;janvier;44197;1;Q1
44228;2021;2;01;février;44228;2;Q1
44229;2021;2;02;février;44228;3;Q1
44230;2021;2;03;février;44228;4;Q1
44231;2021;2;04;février;44228;5;Q1
44232;2021;2;05;février;44228;6;Q1
44233;2021;2;06;février;44228;7;Q1
44234;2021;2;07;février;44228;1;Q1
44235;2021;2;08;février;44228;2;Q1
44236;2021;2;09;février;44228;3;Q1
44237;2021;2;10;février;44228;4;Q1
44238;2021;2;11;février;44228;5;Q1
44239;2021;2;12;février;44228;6;Q1
44240;2021;2;13;février;44228;7;Q1
44241;2021;2;14;février;44228;1;Q1
44242;2021;2;15;février;44228;2;Q1
44243;2021;2;16;février;44228;3;Q1
44244;2021;2;17;février;44228;4;Q1
44245;2021;2;18;février;44228;5;Q1
44246;2021;2;19;février;44228;6;Q1
44247;2021;2;20;février;44228;7;Q1
44248;2021;2;21;février;44228;1;Q1
44249;2021;2;22;février;44228;2;Q1
44250;2021;2;23;février;44228;3;Q1
44251;2021;2;24;février;44228;4;Q1
44252;2021;2;25;février;44228;5;Q1
44253;2021;2;26;février;44228;6;Q1
44254;2021;2;27;février;44228;7;Q1
44255;2021;2;28;février;44228;1;Q1
44256;2021;3;01;mars;44256;2;Q1
44257;2021;3;02;mars;44256;3;Q1
44258;2021;3;03;mars;44256;4;Q1
44259;2021;3;04;mars;44256;5;Q1
44260;2021;3;05;mars;44256;6;Q1
44261;2021;3;06;mars;44256;7;Q1
44262;2021;3;07;mars;44256;1;Q1
44263;2021;3;08;mars;44256;2;Q1
44264;2021;3;09;mars;44256;3;Q1
44265;2021;3;10;mars;44256;4;Q1
44266;2021;3;11;mars;44256;5;Q1
44267;2021;3;12;mars;44256;6;Q1
44268;2021;3;13;mars;44256;7;Q1
44269;2021;3;14;mars;44256;1;Q1
44270;2021;3;15;mars;44256;2;Q1
44271;2021;3;16;mars;44256;3;Q1
44272;2021;3;17;mars;44256;4;Q1
44273;2021;3;18;mars;44256;5;Q1
44274;2021;3;19;mars;44256;6;Q1
44275;2021;3;20;mars;44256;7;Q1
44276;2021;3;21;mars;44256;1;Q1
44277;2021;3;22;mars;44256;2;Q1
44278;2021;3;23;mars;44256;3;Q1
44279;2021;3;24;mars;44256;4;Q1
44280;2021;3;25;mars;44256;5;Q1
44281;2021;3;26;mars;44256;6;Q1
44282;2021;3;27;mars;44256;7;Q1
44283;2021;3;28;mars;44256;1;Q1
44284;2021;3;29;mars;44256;2;Q1
44285;2021;3;30;mars;44256;3;Q1
44286;2021;3;31;mars;44256;4;Q1
44287;2021;4;01;avril;44287;5;Q2
44288;2021;4;02;avril;44287;6;Q2
44289;2021;4;03;avril;44287;7;Q2
44290;2021;4;04;avril;44287;1;Q2
44291;2021;4;05;avril;44287;2;Q2
44292;2021;4;06;avril;44287;3;Q2
44293;2021;4;07;avril;44287;4;Q2
44294;2021;4;08;avril;44287;5;Q2
44295;2021;4;09;avril;44287;6;Q2
44296;2021;4;10;avril;44287;7;Q2
44297;2021;4;11;avril;44287;1;Q2
44298;2021;4;12;avril;44287;2;Q2
44299;2021;4;13;avril;44287;3;Q2
44300;2021;4;14;avril;44287;4;Q2
44301;2021;4;15;avril;44287;5;Q2
44302;2021;4;16;avril;44287;6;Q2
44303;2021;4;17;avril;44287;7;Q2
44304;2021;4;18;avril;44287;1;Q2
44305;2021;4;19;avril;44287;2;Q2
44306;2021;4;20;avril;44287;3;Q2
44307;2021;4;21;avril;44287;4;Q2
44308;2021;4;22;avril;44287;5;Q2
44309;2021;4;23;avril;44287;6;Q2
44310;2021;4;24;avril;44287;7;Q2
44311;2021;4;25;avril;44287;1;Q2
44312;2021;4;26;avril;44287;2;Q2
44313;2021;4;27;avril;44287;3;Q2
44314;2021;4;28;avril;44287;4;Q2
44315;2021;4;29;avril;44287;5;Q2
44316;2021;4;30;avril;44287;6;Q2
44317;2021;5;01;mai;44317;7;Q2
44318;2021;5;02;mai;44317;1;Q2
44319;2021;5;03;mai;44317;2;Q2
44320;2021;5;04;mai;44317;3;Q2
44321;2021;5;05;mai;44317;4;Q2
44322;2021;5;06;mai;44317;5;Q2
44323;2021;5;07;mai;44317;6;Q2
44324;2021;5;08;mai;44317;7;Q2
44325;2021;5;09;mai;44317;1;Q2
44326;2021;5;10;mai;44317;2;Q2
44327;2021;5;11;mai;44317;3;Q2
44328;2021;5;12;mai;44317;4;Q2
44329;2021;5;13;mai;44317;5;Q2
44330;2021;5;14;mai;44317;6;Q2
44331;2021;5;15;mai;44317;7;Q2
44332;2021;5;16;mai;44317;1;Q2
44333;2021;5;17;mai;44317;2;Q2
44334;2021;5;18;mai;44317;3;Q2
44335;2021;5;19;mai;44317;4;Q2
44336;2021;5;20;mai;44317;5;Q2
44337;2021;5;21;mai;44317;6;Q2
44338;2021;5;22;mai;44317;7;Q2
44339;2021;5;23;mai;44317;1;Q2
44340;2021;5;24;mai;44317;2;Q2
44341;2021;5;25;mai;44317;3;Q2
44342;2021;5;26;mai;44317;4;Q2
44343;2021;5;27;mai;44317;5;Q2
44344;2021;5;28;mai;44317;6;Q2
44345;2021;5;29;mai;44317;7;Q2
44346;2021;5;30;mai;44317;1;Q2
44347;2021;5;31;mai;44317;2;Q2
44348;2021;6;01;juin;44348;3;Q2
44349;2021;6;02;juin;44348;4;Q2
44350;2021;6;03;juin;44348;5;Q2
44351;2021;6;04;juin;44348;6;Q2
44352;2021;6;05;juin;44348;7;Q2
44353;2021;6;06;juin;44348;1;Q2
44354;2021;6;07;juin;44348;2;Q2
44355;2021;6;08;juin;44348;3;Q2
44356;2021;6;09;juin;44348;4;Q2
44357;2021;6;10;juin;44348;5;Q2
44358;2021;6;11;juin;44348;6;Q2
44359;2021;6;12;juin;44348;7;Q2
44360;2021;6;13;juin;44348;1;Q2
44361;2021;6;14;juin;44348;2;Q2
44362;2021;6;15;juin;44348;3;Q2
44363;2021;6;16;juin;44348;4;Q2
44364;2021;6;17;juin;44348;5;Q2
44365;2021;6;18;juin;44348;6;Q2
44366;2021;6;19;juin;44348;7;Q2
44367;2021;6;20;juin;44348;1;Q2
44368;2021;6;21;juin;44348;2;Q2
44369;2021;6;22;juin;44348;3;Q2
44370;2021;6;23;juin;44348;4;Q2
44371;2021;6;24;juin;44348;5;Q2
44372;2021;6;25;juin;44348;6;Q2
44373;2021;6;26;juin;44348;7;Q2
44374;2021;6;27;juin;44348;1;Q2
44375;2021;6;28;juin;44348;2;Q2
44376;2021;6;29;juin;44348;3;Q2
44377;2021;6;30;juin;44348;4;Q2
44378;2021;7;01;juillet;44378;5;Q3
44379;2021;7;02;juillet;44378;6;Q3
44380;2021;7;03;juillet;44378;7;Q3
44381;2021;7;04;juillet;44378;1;Q3
44382;2021;7;05;juillet;44378;2;Q3
44383;2021;7;06;juillet;44378;3;Q3
44384;2021;7;07;juillet;44378;4;Q3
44385;2021;7;08;juillet;44378;5;Q3
44386;2021;7;09;juillet;44378;6;Q3
44387;2021;7;10;juillet;44378;7;Q3
44388;2021;7;11;juillet;44378;1;Q3
44389;2021;7;12;juillet;44378;2;Q3
44390;2021;7;13;juillet;44378;3;Q3
44391;2021;7;14;juillet;44378;4;Q3
44392;2021;7;15;juillet;44378;5;Q3
44393;2021;7;16;juillet;44378;6;Q3
44394;2021;7;17;juillet;44378;7;Q3
44395;2021;7;18;juillet;44378;1;Q3
44396;2021;7;19;juillet;44378;2;Q3
44397;2021;7;20;juillet;44378;3;Q3
44398;2021;7;21;juillet;44378;4;Q3
44399;2021;7;22;juillet;44378;5;Q3
44400;2021;7;23;juillet;44378;6;Q3
44401;2021;7;24;juillet;44378;7;Q3
44402;2021;7;25;juillet;44378;1;Q3
44403;2021;7;26;juillet;44378;2;Q3
44404;2021;7;27;juillet;44378;3;Q3
44405;2021;7;28;juillet;44378;4;Q3
44406;2021;7;29;juillet;44378;5;Q3
44407;2021;7;30;juillet;44378;6;Q3
44408;2021;7;31;juillet;44378;7;Q3
44409;2021;8;01;août;44409;1;Q3
44410;2021;8;02;août;44409;2;Q3
44411;2021;8;03;août;44409;3;Q3
44412;2021;8;04;août;44409;4;Q3
44413;2021;8;05;août;44409;5;Q3
44414;2021;8;06;août;44409;6;Q3
44415;2021;8;07;août;44409;7;Q3
44416;2021;8;08;août;44409;1;Q3
44417;2021;8;09;août;44409;2;Q3
44418;2021;8;10;août;44409;3;Q3
44419;2021;8;11;août;44409;4;Q3
44420;2021;8;12;août;44409;5;Q3
44421;2021;8;13;août;44409;6;Q3
44422;2021;8;14;août;44409;7;Q3
44423;2021;8;15;août;44409;1;Q3
44424;2021;8;16;août;44409;2;Q3
44425;2021;8;17;août;44409;3;Q3
44426;2021;8;18;août;44409;4;Q3
44427;2021;8;19;août;44409;5;Q3
44428;2021;8;20;août;44409;6;Q3
44429;2021;8;21;août;44409;7;Q3
44430;2021;8;22;août;44409;1;Q3
44431;2021;8;23;août;44409;2;Q3
44432;2021;8;24;août;44409;3;Q3
44433;2021;8;25;août;44409;4;Q3
44434;2021;8;26;août;44409;5;Q3
44435;2021;8;27;août;44409;6;Q3
44436;2021;8;28;août;44409;7;Q3
44437;2021;8;29;août;44409;1;Q3
44438;2021;8;30;août;44409;2;Q3
44439;2021;8;31;août;44409;3;Q3
44440;2021;9;01;septembre;44440;4;Q3
44441;2021;9;02;septembre;44440;5;Q3
44442;2021;9;03;septembre;44440;6;Q3
44443;2021;9;04;septembre;44440;7;Q3
44444;2021;9;05;septembre;44440;1;Q3
44445;2021;9;06;septembre;44440;2;Q3
44446;2021;9;07;septembre;44440;3;Q3
44447;2021;9;08;septembre;44440;4;Q3
44448;2021;9;09;septembre;44440;5;Q3
44449;2021;9;10;septembre;44440;6;Q3
44450;2021;9;11;septembre;44440;7;Q3
44451;2021;9;12;septembre;44440;1;Q3
44452;2021;9;13;septembre;44440;2;Q3
44453;2021;9;14;septembre;44440;3;Q3
44454;2021;9;15;septembre;44440;4;Q3
44455;2021;9;16;septembre;44440;5;Q3
44456;2021;9;17;septembre;44440;6;Q3
44457;2021;9;18;septembre;44440;7;Q3
44458;2021;9;19;septembre;44440;1;Q3
44459;2021;9;20;septembre;44440;2;Q3
44460;2021;9;21;septembre;44440;3;Q3
44461;2021;9;22;septembre;44440;4;Q3
44462;2021;9;23;septembre;44440;5;Q3
44463;2021;9;24;septembre;44440;6;Q3
44464;2021;9;25;septembre;44440;7;Q3
44465;2021;9;26;septembre;44440;1;Q3
44466;2021;9;27;septembre;44440;2;Q3
44467;2021;9;28;septembre;44440;3;Q3
44468;2021;9;29;septembre;44440;4;Q3
44469;2021;9;30;septembre;44440;5;Q3
44470;2021;10;01;octobre;44470;6;Q4
44471;2021;10;02;octobre;44470;7;Q4
44472;2021;10;03;octobre;44470;1;Q4
44473;2021;10;04;octobre;44470;2;Q4
44474;2021;10;05;octobre;44470;3;Q4
44475;2021;10;06;octobre;44470;4;Q4
44476;2021;10;07;octobre;44470;5;Q4
44477;2021;10;08;octobre;44470;6;Q4
44478;2021;10;09;octobre;44470;7;Q4
44479;2021;10;10;octobre;44470;1;Q4
44480;2021;10;11;octobre;44470;2;Q4
44481;2021;10;12;octobre;44470;3;Q4
44482;2021;10;13;octobre;44470;4;Q4
44483;2021;10;14;octobre;44470;5;Q4
44484;2021;10;15;octobre;44470;6;Q4
44485;2021;10;16;octobre;44470;7;Q4
44486;2021;10;17;octobre;44470;1;Q4
44487;2021;10;18;octobre;44470;2;Q4
44488;2021;10;19;octobre;44470;3;Q4
44489;2021;10;20;octobre;44470;4;Q4
44490;2021;10;21;octobre;44470;5;Q4
44491;2021;10;22;octobre;44470;6;Q4
44492;2021;10;23;octobre;44470;7;Q4
44493;2021;10;24;octobre;44470;1;Q4
44494;2021;10;25;octobre;44470;2;Q4
44495;2021;10;26;octobre;44470;3;Q4
44496;2021;10;27;octobre;44470;4;Q4
44497;2021;10;28;octobre;44470;5;Q4
44498;2021;10;29;octobre;44470;6;Q4
44499;2021;10;30;octobre;44470;7;Q4
44500;2021;10;31;octobre;44470;1;Q4
44501;2021;11;01;novembre;44501;2;Q4
44502;2021;11;02;novembre;44501;3;Q4
44503;2021;11;03;novembre;44501;4;Q4
44504;2021;11;04;novembre;44501;5;Q4
44505;2021;11;05;novembre;44501;6;Q4
44506;2021;11;06;novembre;44501;7;Q4
44507;2021;11;07;novembre;44501;1;Q4
44508;2021;11;08;novembre;44501;2;Q4
44509;2021;11;09;novembre;44501;3;Q4
44510;2021;11;10;novembre;44501;4;Q4
44511;2021;11;11;novembre;44501;5;Q4
44512;2021;11;12;novembre;44501;6;Q4
44513;2021;11;13;novembre;44501;7;Q4
44514;2021;11;14;novembre;44501;1;Q4
44515;2021;11;15;novembre;44501;2;Q4
44516;2021;11;16;novembre;44501;3;Q4
44517;2021;11;17;novembre;44501;4;Q4
44518;2021;11;18;novembre;44501;5;Q4
44519;2021;11;19;novembre;44501;6;Q4
44520;2021;11;20;novembre;44501;7;Q4
44521;2021;11;21;novembre;44501;1;Q4
44522;2021;11;22;novembre;44501;2;Q4
44523;2021;11;23;novembre;44501;3;Q4
44524;2021;11;24;novembre;44501;4;Q4
44525;2021;11;25;novembre;44501;5;Q4
44526;2021;11;26;novembre;44501;6;Q4
44527;2021;11;27;novembre;44501;7;Q4
44528;2021;11;28;novembre;44501;1;Q4
44529;2021;11;29;novembre;44501;2;Q4
44530;2021;11;30;novembre;44501;3;Q4
44531;2021;12;01;décembre;44531;4;Q4
44532;2021;12;02;décembre;44531;5;Q4
44533;2021;12;03;décembre;44531;6;Q4
44534;2021;12;04;décembre;44531;7;Q4
44535;2021;12;05;décembre;44531;1;Q4
44536;2021;12;06;décembre;44531;2;Q4
44537;2021;12;07;décembre;44531;3;Q4
44538;2021;12;08;décembre;44531;4;Q4
44539;2021;12;09;décembre;44531;5;Q4
44540;2021;12;10;décembre;44531;6;Q4
44541;2021;12;11;décembre;44531;7;Q4
44542;2021;12;12;décembre;44531;1;Q4
44543;2021;12;13;décembre;44531;2;Q4
44544;2021;12;14;décembre;44531;3;Q4
44545;2021;12;15;décembre;44531;4;Q4
44546;2021;12;16;décembre;44531;5;Q4
44547;2021;12;17;décembre;44531;6;Q4
44548;2021;12;18;décembre;44531;7;Q4
44549;2021;12;19;décembre;44531;1;Q4
44550;2021;12;20;décembre;44531;2;Q4
44551;2021;12;21;décembre;44531;3;Q4
44552;2021;12;22;décembre;44531;4;Q4
44553;2021;12;23;décembre;44531;5;Q4
44554;2021;12;24;décembre;44531;6;Q4
44555;2021;12;25;décembre;44531;7;Q4
44556;2021;12;26;décembre;44531;1;Q4
44557;2021;12;27;décembre;44531;2;Q4
44558;2021;12;28;décembre;44531;3;Q4
44559;2021;12;29;décembre;44531;4;Q4
44560;2021;12;30;décembre;44531;5;Q4
44561;2021;12;31;décembre;44531;6;Q4
44562;2022;1;01;janvier;44562;7;Q1
44563;2022;1;02;janvier;44562;1;Q1
44564;2022;1;03;janvier;44562;2;Q1
44565;2022;1;04;janvier;44562;3;Q1
44566;2022;1;05;janvier;44562;4;Q1
44567;2022;1;06;janvier;44562;5;Q1
44568;2022;1;07;janvier;44562;6;Q1
44569;2022;1;08;janvier;44562;7;Q1
44570;2022;1;09;janvier;44562;1;Q1
44571;2022;1;10;janvier;44562;2;Q1
44572;2022;1;11;janvier;44562;3;Q1
44573;2022;1;12;janvier;44562;4;Q1
44574;2022;1;13;janvier;44562;5;Q1
44575;2022;1;14;janvier;44562;6;Q1
44576;2022;1;15;janvier;44562;7;Q1
44577;2022;1;16;janvier;44562;1;Q1
44578;2022;1;17;janvier;44562;2;Q1
44579;2022;1;18;janvier;44562;3;Q1
44580;2022;1;19;janvier;44562;4;Q1
44581;2022;1;20;janvier;44562;5;Q1
44582;2022;1;21;janvier;44562;6;Q1
44583;2022;1;22;janvier;44562;7;Q1
44584;2022;1;23;janvier;44562;1;Q1
44585;2022;1;24;janvier;44562;2;Q1
44586;2022;1;25;janvier;44562;3;Q1
44587;2022;1;26;janvier;44562;4;Q1
44588;2022;1;27;janvier;44562;5;Q1
44589;2022;1;28;janvier;44562;6;Q1
44590;2022;1;29;janvier;44562;7;Q1
44591;2022;1;30;janvier;44562;1;Q1
44592;2022;1;31;janvier;44562;2;Q1
44593;2022;2;01;février;44593;3;Q1
44594;2022;2;02;février;44593;4;Q1
44595;2022;2;03;février;44593;5;Q1
44596;2022;2;04;février;44593;6;Q1
44597;2022;2;05;février;44593;7;Q1
44598;2022;2;06;février;44593;1;Q1
44599;2022;2;07;février;44593;2;Q1
44600;2022;2;08;février;44593;3;Q1
44601;2022;2;09;février;44593;4;Q1
44602;2022;2;10;février;44593;5;Q1
44603;2022;2;11;février;44593;6;Q1
44604;2022;2;12;février;44593;7;Q1
44605;2022;2;13;février;44593;1;Q1
44606;2022;2;14;février;44593;2;Q1
44607;2022;2;15;février;44593;3;Q1
44608;2022;2;16;février;44593;4;Q1
44609;2022;2;17;février;44593;5;Q1
44610;2022;2;18;février;44593;6;Q1
44611;2022;2;19;février;44593;7;Q1
44612;2022;2;20;février;44593;1;Q1
44613;2022;2;21;février;44593;2;Q1
44614;2022;2;22;février;44593;3;Q1
44615;2022;2;23;février;44593;4;Q1
44616;2022;2;24;février;44593;5;Q1
44617;2022;2;25;février;44593;6;Q1
44618;2022;2;26;février;44593;7;Q1
44619;2022;2;27;février;44593;1;Q1
44620;2022;2;28;février;44593;2;Q1
44621;2022;3;01;mars;44621;3;Q1
44622;2022;3;02;mars;44621;4;Q1
44623;2022;3;03;mars;44621;5;Q1
44624;2022;3;04;mars;44621;6;Q1
44625;2022;3;05;mars;44621;7;Q1
44626;2022;3;06;mars;44621;1;Q1
44627;2022;3;07;mars;44621;2;Q1
44628;2022;3;08;mars;44621;3;Q1
44629;2022;3;09;mars;44621;4;Q1
44630;2022;3;10;mars;44621;5;Q1
44631;2022;3;11;mars;44621;6;Q1
44632;2022;3;12;mars;44621;7;Q1
44633;2022;3;13;mars;44621;1;Q1
44634;2022;3;14;mars;44621;2;Q1
44635;2022;3;15;mars;44621;3;Q1
44636;2022;3;16;mars;44621;4;Q1
44637;2022;3;17;mars;44621;5;Q1
44638;2022;3;18;mars;44621;6;Q1
44639;2022;3;19;mars;44621;7;Q1
44640;2022;3;20;mars;44621;1;Q1
44641;2022;3;21;mars;44621;2;Q1
44642;2022;3;22;mars;44621;3;Q1
44643;2022;3;23;mars;44621;4;Q1
44644;2022;3;24;mars;44621;5;Q1
44645;2022;3;25;mars;44621;6;Q1
44646;2022;3;26;mars;44621;7;Q1
44647;2022;3;27;mars;44621;1;Q1
44648;2022;3;28;mars;44621;2;Q1
44649;2022;3;29;mars;44621;3;Q1
44650;2022;3;30;mars;44621;4;Q1
44651;2022;3;31;mars;44621;5;Q1
44652;2022;4;01;avril;44652;6;Q2
44653;2022;4;02;avril;44652;7;Q2
44654;2022;4;03;avril;44652;1;Q2
44655;2022;4;04;avril;44652;2;Q2
44656;2022;4;05;avril;44652;3;Q2
44657;2022;4;06;avril;44652;4;Q2
44658;2022;4;07;avril;44652;5;Q2
44659;2022;4;08;avril;44652;6;Q2
44660;2022;4;09;avril;44652;7;Q2
44661;2022;4;10;avril;44652;1;Q2
44662;2022;4;11;avril;44652;2;Q2
44663;2022;4;12;avril;44652;3;Q2
44664;2022;4;13;avril;44652;4;Q2
44665;2022;4;14;avril;44652;5;Q2
44666;2022;4;15;avril;44652;6;Q2
44667;2022;4;16;avril;44652;7;Q2
44668;2022;4;17;avril;44652;1;Q2
44669;2022;4;18;avril;44652;2;Q2
44670;2022;4;19;avril;44652;3;Q2
44671;2022;4;20;avril;44652;4;Q2
44672;2022;4;21;avril;44652;5;Q2
44673;2022;4;22;avril;44652;6;Q2
44674;2022;4;23;avril;44652;7;Q2
44675;2022;4;24;avril;44652;1;Q2
44676;2022;4;25;avril;44652;2;Q2
44677;2022;4;26;avril;44652;3;Q2
44678;2022;4;27;avril;44652;4;Q2
44679;2022;4;28;avril;44652;5;Q2
44680;2022;4;29;avril;44652;6;Q2
44681;2022;4;30;avril;44652;7;Q2
44682;2022;5;01;mai;44682;1;Q2
44683;2022;5;02;mai;44682;2;Q2
44684;2022;5;03;mai;44682;3;Q2
44685;2022;5;04;mai;44682;4;Q2
44686;2022;5;05;mai;44682;5;Q2
44687;2022;5;06;mai;44682;6;Q2
44688;2022;5;07;mai;44682;7;Q2
44689;2022;5;08;mai;44682;1;Q2
44690;2022;5;09;mai;44682;2;Q2
44691;2022;5;10;mai;44682;3;Q2
44692;2022;5;11;mai;44682;4;Q2
44693;2022;5;12;mai;44682;5;Q2
44694;2022;5;13;mai;44682;6;Q2
44695;2022;5;14;mai;44682;7;Q2
44696;2022;5;15;mai;44682;1;Q2
44697;2022;5;16;mai;44682;2;Q2
44698;2022;5;17;mai;44682;3;Q2
44699;2022;5;18;mai;44682;4;Q2
44700;2022;5;19;mai;44682;5;Q2
44701;2022;5;20;mai;44682;6;Q2
44702;2022;5;21;mai;44682;7;Q2
44703;2022;5;22;mai;44682;1;Q2
44704;2022;5;23;mai;44682;2;Q2
44705;2022;5;24;mai;44682;3;Q2
44706;2022;5;25;mai;44682;4;Q2
44707;2022;5;26;mai;44682;5;Q2
44708;2022;5;27;mai;44682;6;Q2
44709;2022;5;28;mai;44682;7;Q2
44710;2022;5;29;mai;44682;1;Q2
44711;2022;5;30;mai;44682;2;Q2
44712;2022;5;31;mai;44682;3;Q2
44713;2022;6;01;juin;44713;4;Q2
44714;2022;6;02;juin;44713;5;Q2
44715;2022;6;03;juin;44713;6;Q2
44716;2022;6;04;juin;44713;7;Q2
44717;2022;6;05;juin;44713;1;Q2
44718;2022;6;06;juin;44713;2;Q2
44719;2022;6;07;juin;44713;3;Q2
44720;2022;6;08;juin;44713;4;Q2
44721;2022;6;09;juin;44713;5;Q2
44722;2022;6;10;juin;44713;6;Q2
44723;2022;6;11;juin;44713;7;Q2
44724;2022;6;12;juin;44713;1;Q2
44725;2022;6;13;juin;44713;2;Q2
44726;2022;6;14;juin;44713;3;Q2
44727;2022;6;15;juin;44713;4;Q2
44728;2022;6;16;juin;44713;5;Q2
44729;2022;6;17;juin;44713;6;Q2
44730;2022;6;18;juin;44713;7;Q2
44731;2022;6;19;juin;44713;1;Q2
44732;2022;6;20;juin;44713;2;Q2
44733;2022;6;21;juin;44713;3;Q2
44734;2022;6;22;juin;44713;4;Q2
44735;2022;6;23;juin;44713;5;Q2
44736;2022;6;24;juin;44713;6;Q2
44737;2022;6;25;juin;44713;7;Q2
44738;2022;6;26;juin;44713;1;Q2
44739;2022;6;27;juin;44713;2;Q2
44740;2022;6;28;juin;44713;3;Q2
44741;2022;6;29;juin;44713;4;Q2
44742;2022;6;30;juin;44713;5;Q2
44743;2022;7;01;juillet;44743;6;Q3
44744;2022;7;02;juillet;44743;7;Q3
44745;2022;7;03;juillet;44743;1;Q3
44746;2022;7;04;juillet;44743;2;Q3
44747;2022;7;05;juillet;44743;3;Q3
44748;2022;7;06;juillet;44743;4;Q3
44749;2022;7;07;juillet;44743;5;Q3
44750;2022;7;08;juillet;44743;6;Q3
44751;2022;7;09;juillet;44743;7;Q3
44752;2022;7;10;juillet;44743;1;Q3
44753;2022;7;11;juillet;44743;2;Q3
44754;2022;7;12;juillet;44743;3;Q3
44755;2022;7;13;juillet;44743;4;Q3
44756;2022;7;14;juillet;44743;5;Q3
44757;2022;7;15;juillet;44743;6;Q3
44758;2022;7;16;juillet;44743;7;Q3
44759;2022;7;17;juillet;44743;1;Q3
44760;2022;7;18;juillet;44743;2;Q3
44761;2022;7;19;juillet;44743;3;Q3
44762;2022;7;20;juillet;44743;4;Q3
44763;2022;7;21;juillet;44743;5;Q3
44764;2022;7;22;juillet;44743;6;Q3
44765;2022;7;23;juillet;44743;7;Q3
44766;2022;7;24;juillet;44743;1;Q3
44767;2022;7;25;juillet;44743;2;Q3
44768;2022;7;26;juillet;44743;3;Q3
44769;2022;7;27;juillet;44743;4;Q3
44770;2022;7;28;juillet;44743;5;Q3
44771;2022;7;29;juillet;44743;6;Q3
44772;2022;7;30;juillet;44743;7;Q3
44773;2022;7;31;juillet;44743;1;Q3
44774;2022;8;01;août;44774;2;Q3
44775;2022;8;02;août;44774;3;Q3
44776;2022;8;03;août;44774;4;Q3
44777;2022;8;04;août;44774;5;Q3
44778;2022;8;05;août;44774;6;Q3
44779;2022;8;06;août;44774;7;Q3
44780;2022;8;07;août;44774;1;Q3
44781;2022;8;08;août;44774;2;Q3
44782;2022;8;09;août;44774;3;Q3
44783;2022;8;10;août;44774;4;Q3
44784;2022;8;11;août;44774;5;Q3
44785;2022;8;12;août;44774;6;Q3
44786;2022;8;13;août;44774;7;Q3
44787;2022;8;14;août;44774;1;Q3
44788;2022;8;15;août;44774;2;Q3
44789;2022;8;16;août;44774;3;Q3
44790;2022;8;17;août;44774;4;Q3
44791;2022;8;18;août;44774;5;Q3
44792;2022;8;19;août;44774;6;Q3
44793;2022;8;20;août;44774;7;Q3
44794;2022;8;21;août;44774;1;Q3
44795;2022;8;22;août;44774;2;Q3
44796;2022;8;23;août;44774;3;Q3
44797;2022;8;24;août;44774;4;Q3
44798;2022;8;25;août;44774;5;Q3
44799;2022;8;26;août;44774;6;Q3
44800;2022;8;27;août;44774;7;Q3
44801;2022;8;28;août;44774;1;Q3
44802;2022;8;29;août;44774;2;Q3
44803;2022;8;30;août;44774;3;Q3
44804;2022;8;31;août;44774;4;Q3
44805;2022;9;01;septembre;44805;5;Q3
44806;2022;9;02;septembre;44805;6;Q3
44807;2022;9;03;septembre;44805;7;Q3
44808;2022;9;04;septembre;44805;1;Q3
44809;2022;9;05;septembre;44805;2;Q3
44810;2022;9;06;septembre;44805;3;Q3
44811;2022;9;07;septembre;44805;4;Q3
44812;2022;9;08;septembre;44805;5;Q3
44813;2022;9;09;septembre;44805;6;Q3
44814;2022;9;10;septembre;44805;7;Q3
44815;2022;9;11;septembre;44805;1;Q3
44816;2022;9;12;septembre;44805;2;Q3
44817;2022;9;13;septembre;44805;3;Q3
44818;2022;9;14;septembre;44805;4;Q3
44819;2022;9;15;septembre;44805;5;Q3
44820;2022;9;16;septembre;44805;6;Q3
44821;2022;9;17;septembre;44805;7;Q3
44822;2022;9;18;septembre;44805;1;Q3
44823;2022;9;19;septembre;44805;2;Q3
44824;2022;9;20;septembre;44805;3;Q3
44825;2022;9;21;septembre;44805;4;Q3
44826;2022;9;22;septembre;44805;5;Q3
44827;2022;9;23;septembre;44805;6;Q3
44828;2022;9;24;septembre;44805;7;Q3
44829;2022;9;25;septembre;44805;1;Q3
44830;2022;9;26;septembre;44805;2;Q3
44831;2022;9;27;septembre;44805;3;Q3
44832;2022;9;28;septembre;44805;4;Q3
44833;2022;9;29;septembre;44805;5;Q3
44834;2022;9;30;septembre;44805;6;Q3
44835;2022;10;01;octobre;44835;7;Q4
44836;2022;10;02;octobre;44835;1;Q4
44837;2022;10;03;octobre;44835;2;Q4
44838;2022;10;04;octobre;44835;3;Q4
44839;2022;10;05;octobre;44835;4;Q4
44840;2022;10;06;octobre;44835;5;Q4
44841;2022;10;07;octobre;44835;6;Q4
44842;2022;10;08;octobre;44835;7;Q4
44843;2022;10;09;octobre;44835;1;Q4
44844;2022;10;10;octobre;44835;2;Q4
44845;2022;10;11;octobre;44835;3;Q4
44846;2022;10;12;octobre;44835;4;Q4
44847;2022;10;13;octobre;44835;5;Q4
44848;2022;10;14;octobre;44835;6;Q4
44849;2022;10;15;octobre;44835;7;Q4
44850;2022;10;16;octobre;44835;1;Q4
44851;2022;10;17;octobre;44835;2;Q4
44852;2022;10;18;octobre;44835;3;Q4
44853;2022;10;19;octobre;44835;4;Q4
44854;2022;10;20;octobre;44835;5;Q4
44855;2022;10;21;octobre;44835;6;Q4
44856;2022;10;22;octobre;44835;7;Q4
44857;2022;10;23;octobre;44835;1;Q4
44858;2022;10;24;octobre;44835;2;Q4
44859;2022;10;25;octobre;44835;3;Q4
44860;2022;10;26;octobre;44835;4;Q4
44861;2022;10;27;octobre;44835;5;Q4
44862;2022;10;28;octobre;44835;6;Q4
44863;2022;10;29;octobre;44835;7;Q4
44864;2022;10;30;octobre;44835;1;Q4
44865;2022;10;31;octobre;44835;2;Q4
44866;2022;11;01;novembre;44866;3;Q4
44867;2022;11;02;novembre;44866;4;Q4
44868;2022;11;03;novembre;44866;5;Q4
44869;2022;11;04;novembre;44866;6;Q4
44870;2022;11;05;novembre;44866;7;Q4
44871;2022;11;06;novembre;44866;1;Q4
44872;2022;11;07;novembre;44866;2;Q4
44873;2022;11;08;novembre;44866;3;Q4
44874;2022;11;09;novembre;44866;4;Q4
44875;2022;11;10;novembre;44866;5;Q4
44876;2022;11;11;novembre;44866;6;Q4
44877;2022;11;12;novembre;44866;7;Q4
44878;2022;11;13;novembre;44866;1;Q4
44879;2022;11;14;novembre;44866;2;Q4
44880;2022;11;15;novembre;44866;3;Q4
44881;2022;11;16;novembre;44866;4;Q4
44882;2022;11;17;novembre;44866;5;Q4
44883;2022;11;18;novembre;44866;6;Q4
44884;2022;11;19;novembre;44866;7;Q4
44885;2022;11;20;novembre;44866;1;Q4
44886;2022;11;21;novembre;44866;2;Q4
44887;2022;11;22;novembre;44866;3;Q4
44888;2022;11;23;novembre;44866;4;Q4
44889;2022;11;24;novembre;44866;5;Q4
44890;2022;11;25;novembre;44866;6;Q4
44891;2022;11;26;novembre;44866;7;Q4
44892;2022;11;27;novembre;44866;1;Q4
44893;2022;11;28;novembre;44866;2;Q4
44894;2022;11;29;novembre;44866;3;Q4
44895;2022;11;30;novembre;44866;4;Q4
44896;2022;12;01;décembre;44896;5;Q4
44897;2022;12;02;décembre;44896;6;Q4
44898;2022;12;03;décembre;44896;7;Q4
44899;2022;12;04;décembre;44896;1;Q4
44900;2022;12;05;décembre;44896;2;Q4
44901;2022;12;06;décembre;44896;3;Q4
44902;2022;12;07;décembre;44896;4;Q4
44903;2022;12;08;décembre;44896;5;Q4
44904;2022;12;09;décembre;44896;6;Q4
44905;2022;12;10;décembre;44896;7;Q4
44906;2022;12;11;décembre;44896;1;Q4
44907;2022;12;12;décembre;44896;2;Q4
44908;2022;12;13;décembre;44896;3;Q4
44909;2022;12;14;décembre;44896;4;Q4
44910;2022;12;15;décembre;44896;5;Q4
44911;2022;12;16;décembre;44896;6;Q4
44912;2022;12;17;décembre;44896;7;Q4
44913;2022;12;18;décembre;44896;1;Q4
44914;2022;12;19;décembre;44896;2;Q4
44915;2022;12;20;décembre;44896;3;Q4
44916;2022;12;21;décembre;44896;4;Q4
44917;2022;12;22;décembre;44896;5;Q4
44918;2022;12;23;décembre;44896;6;Q4
44919;2022;12;24;décembre;44896;7;Q4
44920;2022;12;25;décembre;44896;1;Q4
44921;2022;12;26;décembre;44896;2;Q4
44922;2022;12;27;décembre;44896;3;Q4
44923;2022;12;28;décembre;44896;4;Q4
44924;2022;12;29;décembre;44896;5;Q4
44925;2022;12;30;décembre;44896;6;Q4
44926;2022;12;31;décembre;44896;7;Q4
44927;2023;1;01;janvier;44927;1;Q1
44928;2023;1;02;janvier;44927;2;Q1
44929;2023;1;03;janvier;44927;3;Q1
44930;2023;1;04;janvier;44927;4;Q1
44931;2023;1;05;janvier;44927;5;Q1
44932;2023;1;06;janvier;44927;6;Q1
44933;2023;1;07;janvier;44927;7;Q1
44934;2023;1;08;janvier;44927;1;Q1
44935;2023;1;09;janvier;44927;2;Q1
44936;2023;1;10;janvier;44927;3;Q1
44937;2023;1;11;janvier;44927;4;Q1
44938;2023;1;12;janvier;44927;5;Q1
44939;2023;1;13;janvier;44927;6;Q1
44940;2023;1;14;janvier;44927;7;Q1
44941;2023;1;15;janvier;44927;1;Q1
44942;2023;1;16;janvier;44927;2;Q1
44943;2023;1;17;janvier;44927;3;Q1
44944;2023;1;18;janvier;44927;4;Q1
44945;2023;1;19;janvier;44927;5;Q1
44946;2023;1;20;janvier;44927;6;Q1
44947;2023;1;21;janvier;44927;7;Q1
44948;2023;1;22;janvier;44927;1;Q1
44949;2023;1;23;janvier;44927;2;Q1
44950;2023;1;24;janvier;44927;3;Q1
44951;2023;1;25;janvier;44927;4;Q1
44952;2023;1;26;janvier;44927;5;Q1
44953;2023;1;27;janvier;44927;6;Q1
44954;2023;1;28;janvier;44927;7;Q1
44955;2023;1;29;janvier;44927;1;Q1
44956;2023;1;30;janvier;44927;2;Q1
44957;2023;1;31;janvier;44927;3;Q1
44958;2023;2;01;février;44958;4;Q1
44959;2023;2;02;février;44958;5;Q1
44960;2023;2;03;février;44958;6;Q1
44961;2023;2;04;février;44958;7;Q1
44962;2023;2;05;février;44958;1;Q1
44963;2023;2;06;février;44958;2;Q1
44964;2023;2;07;février;44958;3;Q1
44965;2023;2;08;février;44958;4;Q1
44966;2023;2;09;février;44958;5;Q1
44967;2023;2;10;février;44958;6;Q1
44968;2023;2;11;février;44958;7;Q1
44969;2023;2;12;février;44958;1;Q1
44970;2023;2;13;février;44958;2;Q1
44971;2023;2;14;février;44958;3;Q1
44972;2023;2;15;février;44958;4;Q1
44973;2023;2;16;février;44958;5;Q1
44974;2023;2;17;février;44958;6;Q1
44975;2023;2;18;février;44958;7;Q1
44976;2023;2;19;février;44958;1;Q1
44977;2023;2;20;février;44958;2;Q1
44978;2023;2;21;février;44958;3;Q1
44979;2023;2;22;février;44958;4;Q1
44980;2023;2;23;février;44958;5;Q1
44981;2023;2;24;février;44958;6;Q1
44982;2023;2;25;février;44958;7;Q1
44983;2023;2;26;février;44958;1;Q1
44984;2023;2;27;février;44958;2;Q1
44985;2023;2;28;février;44958;3;Q1
44986;2023;3;01;mars;44986;4;Q1
44987;2023;3;02;mars;44986;5;Q1
44988;2023;3;03;mars;44986;6;Q1
44989;2023;3;04;mars;44986;7;Q1
44990;2023;3;05;mars;44986;1;Q1
44991;2023;3;06;mars;44986;2;Q1
44992;2023;3;07;mars;44986;3;Q1
44993;2023;3;08;mars;44986;4;Q1
44994;2023;3;09;mars;44986;5;Q1
44995;2023;3;10;mars;44986;6;Q1
44996;2023;3;11;mars;44986;7;Q1
44997;2023;3;12;mars;44986;1;Q1
44998;2023;3;13;mars;44986;2;Q1
44999;2023;3;14;mars;44986;3;Q1
45000;2023;3;15;mars;44986;4;Q1
45001;2023;3;16;mars;44986;5;Q1
45002;2023;3;17;mars;44986;6;Q1
45003;2023;3;18;mars;44986;7;Q1
45004;2023;3;19;mars;44986;1;Q1
45005;2023;3;20;mars;44986;2;Q1
45006;2023;3;21;mars;44986;3;Q1
45007;2023;3;22;mars;44986;4;Q1
45008;2023;3;23;mars;44986;5;Q1
45009;2023;3;24;mars;44986;6;Q1
45010;2023;3;25;mars;44986;7;Q1
45011;2023;3;26;mars;44986;1;Q1
45012;2023;3;27;mars;44986;2;Q1
45013;2023;3;28;mars;44986;3;Q1
45014;2023;3;29;mars;44986;4;Q1
45015;2023;3;30;mars;44986;5;Q1
45016;2023;3;31;mars;44986;6;Q1
45017;2023;4;01;avril;45017;7;Q2
45018;2023;4;02;avril;45017;1;Q2
45019;2023;4;03;avril;45017;2;Q2
45020;2023;4;04;avril;45017;3;Q2
45021;2023;4;05;avril;45017;4;Q2
45022;2023;4;06;avril;45017;5;Q2
45023;2023;4;07;avril;45017;6;Q2
45024;2023;4;08;avril;45017;7;Q2
45025;2023;4;09;avril;45017;1;Q2
45026;2023;4;10;avril;45017;2;Q2
45027;2023;4;11;avril;45017;3;Q2
45028;2023;4;12;avril;45017;4;Q2
45029;2023;4;13;avril;45017;5;Q2
45030;2023;4;14;avril;45017;6;Q2
45031;2023;4;15;avril;45017;7;Q2
45032;2023;4;16;avril;45017;1;Q2
45033;2023;4;17;avril;45017;2;Q2
45034;2023;4;18;avril;45017;3;Q2
45035;2023;4;19;avril;45017;4;Q2
45036;2023;4;20;avril;45017;5;Q2
45037;2023;4;21;avril;45017;6;Q2
45038;2023;4;22;avril;45017;7;Q2
45039;2023;4;23;avril;45017;1;Q2
45040;2023;4;24;avril;45017;2;Q2
45041;2023;4;25;avril;45017;3;Q2
45042;2023;4;26;avril;45017;4;Q2
45043;2023;4;27;avril;45017;5;Q2
45044;2023;4;28;avril;45017;6;Q2
45045;2023;4;29;avril;45017;7;Q2
45046;2023;4;30;avril;45017;1;Q2
45047;2023;5;01;mai;45047;2;Q2
45048;2023;5;02;mai;45047;3;Q2
45049;2023;5;03;mai;45047;4;Q2
45050;2023;5;04;mai;45047;5;Q2
45051;2023;5;05;mai;45047;6;Q2
45052;2023;5;06;mai;45047;7;Q2
45053;2023;5;07;mai;45047;1;Q2
45054;2023;5;08;mai;45047;2;Q2
45055;2023;5;09;mai;45047;3;Q2
45056;2023;5;10;mai;45047;4;Q2
45057;2023;5;11;mai;45047;5;Q2
45058;2023;5;12;mai;45047;6;Q2
45059;2023;5;13;mai;45047;7;Q2
45060;2023;5;14;mai;45047;1;Q2
45061;2023;5;15;mai;45047;2;Q2
45062;2023;5;16;mai;45047;3;Q2
45063;2023;5;17;mai;45047;4;Q2
45064;2023;5;18;mai;45047;5;Q2
45065;2023;5;19;mai;45047;6;Q2
45066;2023;5;20;mai;45047;7;Q2
45067;2023;5;21;mai;45047;1;Q2
45068;2023;5;22;mai;45047;2;Q2
45069;2023;5;23;mai;45047;3;Q2
45070;2023;5;24;mai;45047;4;Q2
45071;2023;5;25;mai;45047;5;Q2
45072;2023;5;26;mai;45047;6;Q2
45073;2023;5;27;mai;45047;7;Q2
45074;2023;5;28;mai;45047;1;Q2
45075;2023;5;29;mai;45047;2;Q2
45076;2023;5;30;mai;45047;3;Q2
45077;2023;5;31;mai;45047;4;Q2
45078;2023;6;01;juin;45078;5;Q2
45079;2023;6;02;juin;45078;6;Q2
45080;2023;6;03;juin;45078;7;Q2
45081;2023;6;04;juin;45078;1;Q2
45082;2023;6;05;juin;45078;2;Q2
45083;2023;6;06;juin;45078;3;Q2
45084;2023;6;07;juin;45078;4;Q2
45085;2023;6;08;juin;45078;5;Q2
45086;2023;6;09;juin;45078;6;Q2
45087;2023;6;10;juin;45078;7;Q2
45088;2023;6;11;juin;45078;1;Q2
45089;2023;6;12;juin;45078;2;Q2
45090;2023;6;13;juin;45078;3;Q2
45091;2023;6;14;juin;45078;4;Q2
45092;2023;6;15;juin;45078;5;Q2
45093;2023;6;16;juin;45078;6;Q2
45094;2023;6;17;juin;45078;7;Q2
45095;2023;6;18;juin;45078;1;Q2
45096;2023;6;19;juin;45078;2;Q2
45097;2023;6;20;juin;45078;3;Q2
45098;2023;6;21;juin;45078;4;Q2
45099;2023;6;22;juin;45078;5;Q2
45100;2023;6;23;juin;45078;6;Q2
45101;2023;6;24;juin;45078;7;Q2
45102;2023;6;25;juin;45078;1;Q2
45103;2023;6;26;juin;45078;2;Q2
45104;2023;6;27;juin;45078;3;Q2
45105;2023;6;28;juin;45078;4;Q2
45106;2023;6;29;juin;45078;5;Q2
45107;2023;6;30;juin;45078;6;Q2
45108;2023;7;01;juillet;45108;7;Q3
45109;2023;7;02;juillet;45108;1;Q3
45110;2023;7;03;juillet;45108;2;Q3
45111;2023;7;04;juillet;45108;3;Q3
45112;2023;7;05;juillet;45108;4;Q3
45113;2023;7;06;juillet;45108;5;Q3
45114;2023;7;07;juillet;45108;6;Q3
45115;2023;7;08;juillet;45108;7;Q3
45116;2023;7;09;juillet;45108;1;Q3
45117;2023;7;10;juillet;45108;2;Q3
45118;2023;7;11;juillet;45108;3;Q3
45119;2023;7;12;juillet;45108;4;Q3
45120;2023;7;13;juillet;45108;5;Q3
45121;2023;7;14;juillet;45108;6;Q3
45122;2023;7;15;juillet;45108;7;Q3
45123;2023;7;16;juillet;45108;1;Q3
45124;2023;7;17;juillet;45108;2;Q3
45125;2023;7;18;juillet;45108;3;Q3
45126;2023;7;19;juillet;45108;4;Q3
45127;2023;7;20;juillet;45108;5;Q3
45128;2023;7;21;juillet;45108;6;Q3
45129;2023;7;22;juillet;45108;7;Q3
45130;2023;7;23;juillet;45108;1;Q3
45131;2023;7;24;juillet;45108;2;Q3
45132;2023;7;25;juillet;45108;3;Q3
45133;2023;7;26;juillet;45108;4;Q3
45134;2023;7;27;juillet;45108;5;Q3
45135;2023;7;28;juillet;45108;6;Q3
45136;2023;7;29;juillet;45108;7;Q3
45137;2023;7;30;juillet;45108;1;Q3
45138;2023;7;31;juillet;45108;2;Q3
45139;2023;8;01;août;45139;3;Q3
45140;2023;8;02;août;45139;4;Q3
45141;2023;8;03;août;45139;5;Q3
45142;2023;8;04;août;45139;6;Q3
45143;2023;8;05;août;45139;7;Q3
45144;2023;8;06;août;45139;1;Q3
45145;2023;8;07;août;45139;2;Q3
45146;2023;8;08;août;45139;3;Q3
45147;2023;8;09;août;45139;4;Q3
45148;2023;8;10;août;45139;5;Q3
45149;2023;8;11;août;45139;6;Q3
45150;2023;8;12;août;45139;7;Q3
45151;2023;8;13;août;45139;1;Q3
45152;2023;8;14;août;45139;2;Q3
45153;2023;8;15;août;45139;3;Q3
45154;2023;8;16;août;45139;4;Q3
45155;2023;8;17;août;45139;5;Q3
45156;2023;8;18;août;45139;6;Q3
45157;2023;8;19;août;45139;7;Q3
45158;2023;8;20;août;45139;1;Q3
45159;2023;8;21;août;45139;2;Q3
45160;2023;8;22;août;45139;3;Q3
45161;2023;8;23;août;45139;4;Q3
45162;2023;8;24;août;45139;5;Q3
45163;2023;8;25;août;45139;6;Q3
45164;2023;8;26;août;45139;7;Q3
45165;2023;8;27;août;45139;1;Q3
45166;2023;8;28;août;45139;2;Q3
45167;2023;8;29;août;45139;3;Q3
45168;2023;8;30;août;45139;4;Q3
45169;2023;8;31;août;45139;5;Q3
45170;2023;9;01;septembre;45170;6;Q3
45171;2023;9;02;septembre;45170;7;Q3
45172;2023;9;03;septembre;45170;1;Q3
45173;2023;9;04;septembre;45170;2;Q3
45174;2023;9;05;septembre;45170;3;Q3
45175;2023;9;06;septembre;45170;4;Q3
45176;2023;9;07;septembre;45170;5;Q3
45177;2023;9;08;septembre;45170;6;Q3
45178;2023;9;09;septembre;45170;7;Q3
45179;2023;9;10;septembre;45170;1;Q3
45180;2023;9;11;septembre;45170;2;Q3
45181;2023;9;12;septembre;45170;3;Q3
45182;2023;9;13;septembre;45170;4;Q3
45183;2023;9;14;septembre;45170;5;Q3
45184;2023;9;15;septembre;45170;6;Q3
45185;2023;9;16;septembre;45170;7;Q3
45186;2023;9;17;septembre;45170;1;Q3
45187;2023;9;18;septembre;45170;2;Q3
45188;2023;9;19;septembre;45170;3;Q3
45189;2023;9;20;septembre;45170;4;Q3
45190;2023;9;21;septembre;45170;5;Q3
45191;2023;9;22;septembre;45170;6;Q3
45192;2023;9;23;septembre;45170;7;Q3
45193;2023;9;24;septembre;45170;1;Q3
45194;2023;9;25;septembre;45170;2;Q3
45195;2023;9;26;septembre;45170;3;Q3
45196;2023;9;27;septembre;45170;4;Q3
45197;2023;9;28;septembre;45170;5;Q3
45198;2023;9;29;septembre;45170;6;Q3
45199;2023;9;30;septembre;45170;7;Q3
45200;2023;10;01;octobre;45200;1;Q4
45201;2023;10;02;octobre;45200;2;Q4
45202;2023;10;03;octobre;45200;3;Q4
45203;2023;10;04;octobre;45200;4;Q4
45204;2023;10;05;octobre;45200;5;Q4
45205;2023;10;06;octobre;45200;6;Q4
45206;2023;10;07;octobre;45200;7;Q4
45207;2023;10;08;octobre;45200;1;Q4
45208;2023;10;09;octobre;45200;2;Q4
45209;2023;10;10;octobre;45200;3;Q4
45210;2023;10;11;octobre;45200;4;Q4
45211;2023;10;12;octobre;45200;5;Q4
45212;2023;10;13;octobre;45200;6;Q4
45213;2023;10;14;octobre;45200;7;Q4
45214;2023;10;15;octobre;45200;1;Q4
45215;2023;10;16;octobre;45200;2;Q4
45216;2023;10;17;octobre;45200;3;Q4
45217;2023;10;18;octobre;45200;4;Q4
45218;2023;10;19;octobre;45200;5;Q4
45219;2023;10;20;octobre;45200;6;Q4
45220;2023;10;21;octobre;45200;7;Q4
45221;2023;10;22;octobre;45200;1;Q4
45222;2023;10;23;octobre;45200;2;Q4
45223;2023;10;24;octobre;45200;3;Q4
45224;2023;10;25;octobre;45200;4;Q4
45225;2023;10;26;octobre;45200;5;Q4
45226;2023;10;27;octobre;45200;6;Q4
45227;2023;10;28;octobre;45200;7;Q4
45228;2023;10;29;octobre;45200;1;Q4
45229;2023;10;30;octobre;45200;2;Q4
45230;2023;10;31;octobre;45200;3;Q4
45231;2023;11;01;novembre;45231;4;Q4
45232;2023;11;02;novembre;45231;5;Q4
45233;2023;11;03;novembre;45231;6;Q4
45234;2023;11;04;novembre;45231;7;Q4
45235;2023;11;05;novembre;45231;1;Q4
45236;2023;11;06;novembre;45231;2;Q4
45237;2023;11;07;novembre;45231;3;Q4
45238;2023;11;08;novembre;45231;4;Q4
45239;2023;11;09;novembre;45231;5;Q4
45240;2023;11;10;novembre;45231;6;Q4
45241;2023;11;11;novembre;45231;7;Q4
45242;2023;11;12;novembre;45231;1;Q4
45243;2023;11;13;novembre;45231;2;Q4
45244;2023;11;14;novembre;45231;3;Q4
45245;2023;11;15;novembre;45231;4;Q4
45246;2023;11;16;novembre;45231;5;Q4
45247;2023;11;17;novembre;45231;6;Q4
45248;2023;11;18;novembre;45231;7;Q4
45249;2023;11;19;novembre;45231;1;Q4
45250;2023;11;20;novembre;45231;2;Q4
45251;2023;11;21;novembre;45231;3;Q4
45252;2023;11;22;novembre;45231;4;Q4
45253;2023;11;23;novembre;45231;5;Q4
45254;2023;11;24;novembre;45231;6;Q4
45255;2023;11;25;novembre;45231;7;Q4
45256;2023;11;26;novembre;45231;1;Q4
45257;2023;11;27;novembre;45231;2;Q4
45258;2023;11;28;novembre;45231;3;Q4
45259;2023;11;29;novembre;45231;4;Q4
45260;2023;11;30;novembre;45231;5;Q4
45261;2023;12;01;décembre;45261;6;Q4
45262;2023;12;02;décembre;45261;7;Q4
45263;2023;12;03;décembre;45261;1;Q4
45264;2023;12;04;décembre;45261;2;Q4
45265;2023;12;05;décembre;45261;3;Q4
45266;2023;12;06;décembre;45261;4;Q4
45267;2023;12;07;décembre;45261;5;Q4
45268;2023;12;08;décembre;45261;6;Q4
45269;2023;12;09;décembre;45261;7;Q4
45270;2023;12;10;décembre;45261;1;Q4
45271;2023;12;11;décembre;45261;2;Q4
45272;2023;12;12;décembre;45261;3;Q4
45273;2023;12;13;décembre;45261;4;Q4
45274;2023;12;14;décembre;45261;5;Q4
45275;2023;12;15;décembre;45261;6;Q4
45276;2023;12;16;décembre;45261;7;Q4
45277;2023;12;17;décembre;45261;1;Q4
45278;2023;12;18;décembre;45261;2;Q4
45279;2023;12;19;décembre;45261;3;Q4
45280;2023;12;20;décembre;45261;4;Q4
45281;2023;12;21;décembre;45261;5;Q4
45282;2023;12;22;décembre;45261;6;Q4
45283;2023;12;23;décembre;45261;7;Q4
45284;2023;12;24;décembre;45261;1;Q4
45285;2023;12;25;décembre;45261;2;Q4
45286;2023;12;26;décembre;45261;3;Q4
45287;2023;12;27;décembre;45261;4;Q4
45288;2023;12;28;décembre;45261;5;Q4
45289;2023;12;29;décembre;45261;6;Q4
45290;2023;12;30;décembre;45261;7;Q4
45291;2023;12;31;décembre;45261;1;Q4
45292;2024;1;01;janvier;45292;2;Q1
45293;2024;1;02;janvier;45292;3;Q1
45294;2024;1;03;janvier;45292;4;Q1
45295;2024;1;04;janvier;45292;5;Q1
45296;2024;1;05;janvier;45292;6;Q1
45297;2024;1;06;janvier;45292;7;Q1
45298;2024;1;07;janvier;45292;1;Q1
45299;2024;1;08;janvier;45292;2;Q1
45300;2024;1;09;janvier;45292;3;Q1
45301;2024;1;10;janvier;45292;4;Q1
45302;2024;1;11;janvier;45292;5;Q1
45303;2024;1;12;janvier;45292;6;Q1
45304;2024;1;13;janvier;45292;7;Q1
45305;2024;1;14;janvier;45292;1;Q1
45306;2024;1;15;janvier;45292;2;Q1
45307;2024;1;16;janvier;45292;3;Q1
45308;2024;1;17;janvier;45292;4;Q1
45309;2024;1;18;janvier;45292;5;Q1
45310;2024;1;19;janvier;45292;6;Q1
45311;2024;1;20;janvier;45292;7;Q1
45312;2024;1;21;janvier;45292;1;Q1
45313;2024;1;22;janvier;45292;2;Q1
45314;2024;1;23;janvier;45292;3;Q1
45315;2024;1;24;janvier;45292;4;Q1
45316;2024;1;25;janvier;45292;5;Q1
45317;2024;1;26;janvier;45292;6;Q1
45318;2024;1;27;janvier;45292;7;Q1
45319;2024;1;28;janvier;45292;1;Q1
45320;2024;1;29;janvier;45292;2;Q1
45321;2024;1;30;janvier;45292;3;Q1
45322;2024;1;31;janvier;45292;4;Q1
45323;2024;2;01;février;45323;5;Q1
45324;2024;2;02;février;45323;6;Q1
45325;2024;2;03;février;45323;7;Q1
45326;2024;2;04;février;45323;1;Q1
45327;2024;2;05;février;45323;2;Q1
45328;2024;2;06;février;45323;3;Q1
45329;2024;2;07;février;45323;4;Q1
45330;2024;2;08;février;45323;5;Q1
45331;2024;2;09;février;45323;6;Q1
45332;2024;2;10;février;45323;7;Q1
45333;2024;2;11;février;45323;1;Q1
45334;2024;2;12;février;45323;2;Q1
45335;2024;2;13;février;45323;3;Q1
45336;2024;2;14;février;45323;4;Q1
45337;2024;2;15;février;45323;5;Q1
45338;2024;2;16;février;45323;6;Q1
45339;2024;2;17;février;45323;7;Q1
45340;2024;2;18;février;45323;1;Q1
45341;2024;2;19;février;45323;2;Q1
45342;2024;2;20;février;45323;3;Q1
45343;2024;2;21;février;45323;4;Q1
45344;2024;2;22;février;45323;5;Q1
45345;2024;2;23;février;45323;6;Q1
45346;2024;2;24;février;45323;7;Q1
45347;2024;2;25;février;45323;1;Q1
45348;2024;2;26;février;45323;2;Q1
45349;2024;2;27;février;45323;3;Q1
45350;2024;2;28;février;45323;4;Q1
45351;2024;2;29;février;45323;5;Q1
45352;2024;3;01;mars;45352;6;Q1
45353;2024;3;02;mars;45352;7;Q1
45354;2024;3;03;mars;45352;1;Q1
45355;2024;3;04;mars;45352;2;Q1
45356;2024;3;05;mars;45352;3;Q1
45357;2024;3;06;mars;45352;4;Q1
45358;2024;3;07;mars;45352;5;Q1
45359;2024;3;08;mars;45352;6;Q1
45360;2024;3;09;mars;45352;7;Q1
45361;2024;3;10;mars;45352;1;Q1
45362;2024;3;11;mars;45352;2;Q1
45363;2024;3;12;mars;45352;3;Q1
45364;2024;3;13;mars;45352;4;Q1
45365;2024;3;14;mars;45352;5;Q1
45366;2024;3;15;mars;45352;6;Q1
45367;2024;3;16;mars;45352;7;Q1
45368;2024;3;17;mars;45352;1;Q1
45369;2024;3;18;mars;45352;2;Q1
45370;2024;3;19;mars;45352;3;Q1
45371;2024;3;20;mars;45352;4;Q1
45372;2024;3;21;mars;45352;5;Q1
45373;2024;3;22;mars;45352;6;Q1
45374;2024;3;23;mars;45352;7;Q1
45375;2024;3;24;mars;45352;1;Q1
45376;2024;3;25;mars;45352;2;Q1
45377;2024;3;26;mars;45352;3;Q1
45378;2024;3;27;mars;45352;4;Q1
45379;2024;3;28;mars;45352;5;Q1
45380;2024;3;29;mars;45352;6;Q1
45381;2024;3;30;mars;45352;7;Q1
45382;2024;3;31;mars;45352;1;Q1
45383;2024;4;01;avril;45383;2;Q2
45384;2024;4;02;avril;45383;3;Q2
45385;2024;4;03;avril;45383;4;Q2
45386;2024;4;04;avril;45383;5;Q2
45387;2024;4;05;avril;45383;6;Q2
45388;2024;4;06;avril;45383;7;Q2
45389;2024;4;07;avril;45383;1;Q2
45390;2024;4;08;avril;45383;2;Q2
45391;2024;4;09;avril;45383;3;Q2
45392;2024;4;10;avril;45383;4;Q2
45393;2024;4;11;avril;45383;5;Q2
45394;2024;4;12;avril;45383;6;Q2
45395;2024;4;13;avril;45383;7;Q2
45396;2024;4;14;avril;45383;1;Q2
45397;2024;4;15;avril;45383;2;Q2
45398;2024;4;16;avril;45383;3;Q2
45399;2024;4;17;avril;45383;4;Q2
45400;2024;4;18;avril;45383;5;Q2
45401;2024;4;19;avril;45383;6;Q2
45402;2024;4;20;avril;45383;7;Q2
45403;2024;4;21;avril;45383;1;Q2
45404;2024;4;22;avril;45383;2;Q2
45405;2024;4;23;avril;45383;3;Q2
45406;2024;4;24;avril;45383;4;Q2
45407;2024;4;25;avril;45383;5;Q2
45408;2024;4;26;avril;45383;6;Q2
45409;2024;4;27;avril;45383;7;Q2
45410;2024;4;28;avril;45383;1;Q2
45411;2024;4;29;avril;45383;2;Q2
45412;2024;4;30;avril;45383;3;Q2
45413;2024;5;01;mai;45413;4;Q2
45414;2024;5;02;mai;45413;5;Q2
45415;2024;5;03;mai;45413;6;Q2
45416;2024;5;04;mai;45413;7;Q2
45417;2024;5;05;mai;45413;1;Q2
45418;2024;5;06;mai;45413;2;Q2
45419;2024;5;07;mai;45413;3;Q2
45420;2024;5;08;mai;45413;4;Q2
45421;2024;5;09;mai;45413;5;Q2
45422;2024;5;10;mai;45413;6;Q2
45423;2024;5;11;mai;45413;7;Q2
45424;2024;5;12;mai;45413;1;Q2
45425;2024;5;13;mai;45413;2;Q2
45426;2024;5;14;mai;45413;3;Q2
45427;2024;5;15;mai;45413;4;Q2
45428;2024;5;16;mai;45413;5;Q2
45429;2024;5;17;mai;45413;6;Q2
45430;2024;5;18;mai;45413;7;Q2
45431;2024;5;19;mai;45413;1;Q2
45432;2024;5;20;mai;45413;2;Q2
45433;2024;5;21;mai;45413;3;Q2
45434;2024;5;22;mai;45413;4;Q2
45435;2024;5;23;mai;45413;5;Q2
45436;2024;5;24;mai;45413;6;Q2
45437;2024;5;25;mai;45413;7;Q2
45438;2024;5;26;mai;45413;1;Q2
45439;2024;5;27;mai;45413;2;Q2
45440;2024;5;28;mai;45413;3;Q2
45441;2024;5;29;mai;45413;4;Q2
45442;2024;5;30;mai;45413;5;Q2
45443;2024;5;31;mai;45413;6;Q2
45444;2024;6;01;juin;45444;7;Q2
45445;2024;6;02;juin;45444;1;Q2
45446;2024;6;03;juin;45444;2;Q2
45447;2024;6;04;juin;45444;3;Q2
45448;2024;6;05;juin;45444;4;Q2
45449;2024;6;06;juin;45444;5;Q2
45450;2024;6;07;juin;45444;6;Q2
45451;2024;6;08;juin;45444;7;Q2
45452;2024;6;09;juin;45444;1;Q2
45453;2024;6;10;juin;45444;2;Q2
45454;2024;6;11;juin;45444;3;Q2
45455;2024;6;12;juin;45444;4;Q2
45456;2024;6;13;juin;45444;5;Q2
45457;2024;6;14;juin;45444;6;Q2
45458;2024;6;15;juin;45444;7;Q2
45459;2024;6;16;juin;45444;1;Q2
45460;2024;6;17;juin;45444;2;Q2
45461;2024;6;18;juin;45444;3;Q2
45462;2024;6;19;juin;45444;4;Q2
45463;2024;6;20;juin;45444;5;Q2
45464;2024;6;21;juin;45444;6;Q2
45465;2024;6;22;juin;45444;7;Q2
45466;2024;6;23;juin;45444;1;Q2
45467;2024;6;24;juin;45444;2;Q2
45468;2024;6;25;juin;45444;3;Q2
45469;2024;6;26;juin;45444;4;Q2
45470;2024;6;27;juin;45444;5;Q2
45471;2024;6;28;juin;45444;6;Q2
45472;2024;6;29;juin;45444;7;Q2
45473;2024;6;30;juin;45444;1;Q2
45474;2024;7;01;juillet;45474;2;Q3
45475;2024;7;02;juillet;45474;3;Q3
45476;2024;7;03;juillet;45474;4;Q3
45477;2024;7;04;juillet;45474;5;Q3
45478;2024;7;05;juillet;45474;6;Q3
45479;2024;7;06;juillet;45474;7;Q3
45480;2024;7;07;juillet;45474;1;Q3
45481;2024;7;08;juillet;45474;2;Q3
45482;2024;7;09;juillet;45474;3;Q3
45483;2024;7;10;juillet;45474;4;Q3
45484;2024;7;11;juillet;45474;5;Q3
45485;2024;7;12;juillet;45474;6;Q3
45486;2024;7;13;juillet;45474;7;Q3
45487;2024;7;14;juillet;45474;1;Q3
45488;2024;7;15;juillet;45474;2;Q3
45489;2024;7;16;juillet;45474;3;Q3
45490;2024;7;17;juillet;45474;4;Q3
45491;2024;7;18;juillet;45474;5;Q3
45492;2024;7;19;juillet;45474;6;Q3
45493;2024;7;20;juillet;45474;7;Q3
45494;2024;7;21;juillet;45474;1;Q3
45495;2024;7;22;juillet;45474;2;Q3
45496;2024;7;23;juillet;45474;3;Q3
45497;2024;7;24;juillet;45474;4;Q3
45498;2024;7;25;juillet;45474;5;Q3
45499;2024;7;26;juillet;45474;6;Q3
45500;2024;7;27;juillet;45474;7;Q3
45501;2024;7;28;juillet;45474;1;Q3
45502;2024;7;29;juillet;45474;2;Q3
45503;2024;7;30;juillet;45474;3;Q3
45504;2024;7;31;juillet;45474;4;Q3
45505;2024;8;01;août;45505;5;Q3
45506;2024;8;02;août;45505;6;Q3
45507;2024;8;03;août;45505;7;Q3
45508;2024;8;04;août;45505;1;Q3
45509;2024;8;05;août;45505;2;Q3
45510;2024;8;06;août;45505;3;Q3
45511;2024;8;07;août;45505;4;Q3
45512;2024;8;08;août;45505;5;Q3
45513;2024;8;09;août;45505;6;Q3
45514;2024;8;10;août;45505;7;Q3
45515;2024;8;11;août;45505;1;Q3
45516;2024;8;12;août;45505;2;Q3
45517;2024;8;13;août;45505;3;Q3
45518;2024;8;14;août;45505;4;Q3
45519;2024;8;15;août;45505;5;Q3
45520;2024;8;16;août;45505;6;Q3
45521;2024;8;17;août;45505;7;Q3
45522;2024;8;18;août;45505;1;Q3
45523;2024;8;19;août;45505;2;Q3
45524;2024;8;20;août;45505;3;Q3
45525;2024;8;21;août;45505;4;Q3
45526;2024;8;22;août;45505;5;Q3
45527;2024;8;23;août;45505;6;Q3
45528;2024;8;24;août;45505;7;Q3
45529;2024;8;25;août;45505;1;Q3
45530;2024;8;26;août;45505;2;Q3
45531;2024;8;27;août;45505;3;Q3
45532;2024;8;28;août;45505;4;Q3
45533;2024;8;29;août;45505;5;Q3
45534;2024;8;30;août;45505;6;Q3
45535;2024;8;31;août;45505;7;Q3
45536;2024;9;01;septembre;45536;1;Q3
45537;2024;9;02;septembre;45536;2;Q3
45538;2024;9;03;septembre;45536;3;Q3
45539;2024;9;04;septembre;45536;4;Q3
45540;2024;9;05;septembre;45536;5;Q3
45541;2024;9;06;septembre;45536;6;Q3
45542;2024;9;07;septembre;45536;7;Q3
45543;2024;9;08;septembre;45536;1;Q3
45544;2024;9;09;septembre;45536;2;Q3
45545;2024;9;10;septembre;45536;3;Q3
45546;2024;9;11;septembre;45536;4;Q3
45547;2024;9;12;septembre;45536;5;Q3
45548;2024;9;13;septembre;45536;6;Q3
45549;2024;9;14;septembre;45536;7;Q3
45550;2024;9;15;septembre;45536;1;Q3
45551;2024;9;16;septembre;45536;2;Q3
45552;2024;9;17;septembre;45536;3;Q3
45553;2024;9;18;septembre;45536;4;Q3
45554;2024;9;19;septembre;45536;5;Q3
45555;2024;9;20;septembre;45536;6;Q3
45556;2024;9;21;septembre;45536;7;Q3
45557;2024;9;22;septembre;45536;1;Q3
45558;2024;9;23;septembre;45536;2;Q3
45559;2024;9;24;septembre;45536;3;Q3
45560;2024;9;25;septembre;45536;4;Q3
45561;2024;9;26;septembre;45536;5;Q3
45562;2024;9;27;septembre;45536;6;Q3
45563;2024;9;28;septembre;45536;7;Q3
45564;2024;9;29;septembre;45536;1;Q3
45565;2024;9;30;septembre;45536;2;Q3
45566;2024;10;01;octobre;45566;3;Q4
45567;2024;10;02;octobre;45566;4;Q4
45568;2024;10;03;octobre;45566;5;Q4
45569;2024;10;04;octobre;45566;6;Q4
45570;2024;10;05;octobre;45566;7;Q4
45571;2024;10;06;octobre;45566;1;Q4
45572;2024;10;07;octobre;45566;2;Q4
45573;2024;10;08;octobre;45566;3;Q4
45574;2024;10;09;octobre;45566;4;Q4
45575;2024;10;10;octobre;45566;5;Q4
45576;2024;10;11;octobre;45566;6;Q4
45577;2024;10;12;octobre;45566;7;Q4
45578;2024;10;13;octobre;45566;1;Q4
45579;2024;10;14;octobre;45566;2;Q4
45580;2024;10;15;octobre;45566;3;Q4
45581;2024;10;16;octobre;45566;4;Q4
45582;2024;10;17;octobre;45566;5;Q4
45583;2024;10;18;octobre;45566;6;Q4
45584;2024;10;19;octobre;45566;7;Q4
45585;2024;10;20;octobre;45566;1;Q4
45586;2024;10;21;octobre;45566;2;Q4
45587;2024;10;22;octobre;45566;3;Q4
45588;2024;10;23;octobre;45566;4;Q4
45589;2024;10;24;octobre;45566;5;Q4
45590;2024;10;25;octobre;45566;6;Q4
45591;2024;10;26;octobre;45566;7;Q4
45592;2024;10;27;octobre;45566;1;Q4
45593;2024;10;28;octobre;45566;2;Q4
45594;2024;10;29;octobre;45566;3;Q4
45595;2024;10;30;octobre;45566;4;Q4
45596;2024;10;31;octobre;45566;5;Q4
45597;2024;11;01;novembre;45597;6;Q4
45598;2024;11;02;novembre;45597;7;Q4
45599;2024;11;03;novembre;45597;1;Q4
45600;2024;11;04;novembre;45597;2;Q4
45601;2024;11;05;novembre;45597;3;Q4
45602;2024;11;06;novembre;45597;4;Q4
45603;2024;11;07;novembre;45597;5;Q4
45604;2024;11;08;novembre;45597;6;Q4
45605;2024;11;09;novembre;45597;7;Q4
45606;2024;11;10;novembre;45597;1;Q4
45607;2024;11;11;novembre;45597;2;Q4
45608;2024;11;12;novembre;45597;3;Q4
45609;2024;11;13;novembre;45597;4;Q4
45610;2024;11;14;novembre;45597;5;Q4
45611;2024;11;15;novembre;45597;6;Q4
45612;2024;11;16;novembre;45597;7;Q4
45613;2024;11;17;novembre;45597;1;Q4
45614;2024;11;18;novembre;45597;2;Q4
45615;2024;11;19;novembre;45597;3;Q4
45616;2024;11;20;novembre;45597;4;Q4
45617;2024;11;21;novembre;45597;5;Q4
45618;2024;11;22;novembre;45597;6;Q4
45619;2024;11;23;novembre;45597;7;Q4
45620;2024;11;24;novembre;45597;1;Q4
45621;2024;11;25;novembre;45597;2;Q4
45622;2024;11;26;novembre;45597;3;Q4
45623;2024;11;27;novembre;45597;4;Q4
45624;2024;11;28;novembre;45597;5;Q4
45625;2024;11;29;novembre;45597;6;Q4
45626;2024;11;30;novembre;45597;7;Q4
45627;2024;12;01;décembre;45627;1;Q4
45628;2024;12;02;décembre;45627;2;Q4
45629;2024;12;03;décembre;45627;3;Q4
45630;2024;12;04;décembre;45627;4;Q4
45631;2024;12;05;décembre;45627;5;Q4
45632;2024;12;06;décembre;45627;6;Q4
45633;2024;12;07;décembre;45627;7;Q4
45634;2024;12;08;décembre;45627;1;Q4
45635;2024;12;09;décembre;45627;2;Q4
45636;2024;12;10;décembre;45627;3;Q4
45637;2024;12;11;décembre;45627;4;Q4
45638;2024;12;12;décembre;45627;5;Q4
45639;2024;12;13;décembre;45627;6;Q4
45640;2024;12;14;décembre;45627;7;Q4
45641;2024;12;15;décembre;45627;1;Q4
45642;2024;12;16;décembre;45627;2;Q4
45643;2024;12;17;décembre;45627;3;Q4
45644;2024;12;18;décembre;45627;4;Q4
45645;2024;12;19;décembre;45627;5;Q4
45646;2024;12;20;décembre;45627;6;Q4
45647;2024;12;21;décembre;45627;7;Q4
45648;2024;12;22;décembre;45627;1;Q4
45649;2024;12;23;décembre;45627;2;Q4
45650;2024;12;24;décembre;45627;3;Q4
45651;2024;12;25;décembre;45627;4;Q4
45652;2024;12;26;décembre;45627;5;Q4
45653;2024;12;27;décembre;45627;6;Q4
45654;2024;12;28;décembre;45627;7;Q4
45655;2024;12;29;décembre;45627;1;Q4
45656;2024;12;30;décembre;45627;2;Q4
45657;2024;12;31;décembre;45627;3;Q4
45658;2025;1;01;janvier;45658;4;Q1
45659;2025;1;02;janvier;45658;5;Q1
45660;2025;1;03;janvier;45658;6;Q1
45661;2025;1;04;janvier;45658;7;Q1
45662;2025;1;05;janvier;45658;1;Q1
45663;2025;1;06;janvier;45658;2;Q1
45664;2025;1;07;janvier;45658;3;Q1
45665;2025;1;08;janvier;45658;4;Q1
45666;2025;1;09;janvier;45658;5;Q1
45667;2025;1;10;janvier;45658;6;Q1
45668;2025;1;11;janvier;45658;7;Q1
45669;2025;1;12;janvier;45658;1;Q1
45670;2025;1;13;janvier;45658;2;Q1
45671;2025;1;14;janvier;45658;3;Q1
45672;2025;1;15;janvier;45658;4;Q1
45673;2025;1;16;janvier;45658;5;Q1
45674;2025;1;17;janvier;45658;6;Q1
45675;2025;1;18;janvier;45658;7;Q1
45676;2025;1;19;janvier;45658;1;Q1
45677;2025;1;20;janvier;45658;2;Q1
45678;2025;1;21;janvier;45658;3;Q1
45679;2025;1;22;janvier;45658;4;Q1
45680;2025;1;23;janvier;45658;5;Q1
45681;2025;1;24;janvier;45658;6;Q1
45682;2025;1;25;janvier;45658;7;Q1
45683;2025;1;26;janvier;45658;1;Q1
45684;2025;1;27;janvier;45658;2;Q1
45685;2025;1;28;janvier;45658;3;Q1
45686;2025;1;29;janvier;45658;4;Q1
45687;2025;1;30;janvier;45658;5;Q1
45688;2025;1;31;janvier;45658;6;Q1
45689;2025;2;01;février;45689;7;Q1
45690;2025;2;02;février;45689;1;Q1
45691;2025;2;03;février;45689;2;Q1
45692;2025;2;04;février;45689;3;Q1
45693;2025;2;05;février;45689;4;Q1
45694;2025;2;06;février;45689;5;Q1
45695;2025;2;07;février;45689;6;Q1
45696;2025;2;08;février;45689;7;Q1
45697;2025;2;09;février;45689;1;Q1
45698;2025;2;10;février;45689;2;Q1
45699;2025;2;11;février;45689;3;Q1
45700;2025;2;12;février;45689;4;Q1
45701;2025;2;13;février;45689;5;Q1
45702;2025;2;14;février;45689;6;Q1
45703;2025;2;15;février;45689;7;Q1
45704;2025;2;16;février;45689;1;Q1
45705;2025;2;17;février;45689;2;Q1
45706;2025;2;18;février;45689;3;Q1
45707;2025;2;19;février;45689;4;Q1
45708;2025;2;20;février;45689;5;Q1
45709;2025;2;21;février;45689;6;Q1
45710;2025;2;22;février;45689;7;Q1
45711;2025;2;23;février;45689;1;Q1
45712;2025;2;24;février;45689;2;Q1
45713;2025;2;25;février;45689;3;Q1
45714;2025;2;26;février;45689;4;Q1
45715;2025;2;27;février;45689;5;Q1
45716;2025;2;28;février;45689;6;Q1
45717;2025;3;01;mars;45717;7;Q1
45718;2025;3;02;mars;45717;1;Q1
45719;2025;3;03;mars;45717;2;Q1
45720;2025;3;04;mars;45717;3;Q1
45721;2025;3;05;mars;45717;4;Q1
45722;2025;3;06;mars;45717;5;Q1
45723;2025;3;07;mars;45717;6;Q1
45724;2025;3;08;mars;45717;7;Q1
45725;2025;3;09;mars;45717;1;Q1
45726;2025;3;10;mars;45717;2;Q1
45727;2025;3;11;mars;45717;3;Q1
45728;2025;3;12;mars;45717;4;Q1
45729;2025;3;13;mars;45717;5;Q1
45730;2025;3;14;mars;45717;6;Q1
45731;2025;3;15;mars;45717;7;Q1
45732;2025;3;16;mars;45717;1;Q1
45733;2025;3;17;mars;45717;2;Q1
45734;2025;3;18;mars;45717;3;Q1
45735;2025;3;19;mars;45717;4;Q1
45736;2025;3;20;mars;45717;5;Q1
45737;2025;3;21;mars;45717;6;Q1
45738;2025;3;22;mars;45717;7;Q1
45739;2025;3;23;mars;45717;1;Q1
45740;2025;3;24;mars;45717;2;Q1
45741;2025;3;25;mars;45717;3;Q1
45742;2025;3;26;mars;45717;4;Q1
45743;2025;3;27;mars;45717;5;Q1
45744;2025;3;28;mars;45717;6;Q1
45745;2025;3;29;mars;45717;7;Q1
45746;2025;3;30;mars;45717;1;Q1
45747;2025;3;31;mars;45717;2;Q1
45748;2025;4;01;avril;45748;3;Q2
45749;2025;4;02;avril;45748;4;Q2
45750;2025;4;03;avril;45748;5;Q2
45751;2025;4;04;avril;45748;6;Q2
45752;2025;4;05;avril;45748;7;Q2
45753;2025;4;06;avril;45748;1;Q2
45754;2025;4;07;avril;45748;2;Q2
45755;2025;4;08;avril;45748;3;Q2
45756;2025;4;09;avril;45748;4;Q2
45757;2025;4;10;avril;45748;5;Q2
45758;2025;4;11;avril;45748;6;Q2
45759;2025;4;12;avril;45748;7;Q2
45760;2025;4;13;avril;45748;1;Q2
45761;2025;4;14;avril;45748;2;Q2
45762;2025;4;15;avril;45748;3;Q2
45763;2025;4;16;avril;45748;4;Q2
45764;2025;4;17;avril;45748;5;Q2
45765;2025;4;18;avril;45748;6;Q2
45766;2025;4;19;avril;45748;7;Q2
45767;2025;4;20;avril;45748;1;Q2
45768;2025;4;21;avril;45748;2;Q2
45769;2025;4;22;avril;45748;3;Q2
45770;2025;4;23;avril;45748;4;Q2
45771;2025;4;24;avril;45748;5;Q2
45772;2025;4;25;avril;45748;6;Q2
45773;2025;4;26;avril;45748;7;Q2
45774;2025;4;27;avril;45748;1;Q2
45775;2025;4;28;avril;45748;2;Q2
45776;2025;4;29;avril;45748;3;Q2
45777;2025;4;30;avril;45748;4;Q2
45778;2025;5;01;mai;45778;5;Q2
45779;2025;5;02;mai;45778;6;Q2
45780;2025;5;03;mai;45778;7;Q2
45781;2025;5;04;mai;45778;1;Q2
45782;2025;5;05;mai;45778;2;Q2
45783;2025;5;06;mai;45778;3;Q2
45784;2025;5;07;mai;45778;4;Q2
45785;2025;5;08;mai;45778;5;Q2
45786;2025;5;09;mai;45778;6;Q2
45787;2025;5;10;mai;45778;7;Q2
45788;2025;5;11;mai;45778;1;Q2
45789;2025;5;12;mai;45778;2;Q2
45790;2025;5;13;mai;45778;3;Q2
45791;2025;5;14;mai;45778;4;Q2
45792;2025;5;15;mai;45778;5;Q2
45793;2025;5;16;mai;45778;6;Q2
45794;2025;5;17;mai;45778;7;Q2
45795;2025;5;18;mai;45778;1;Q2
45796;2025;5;19;mai;45778;2;Q2
45797;2025;5;20;mai;45778;3;Q2
45798;2025;5;21;mai;45778;4;Q2
45799;2025;5;22;mai;45778;5;Q2
45800;2025;5;23;mai;45778;6;Q2
45801;2025;5;24;mai;45778;7;Q2
45802;2025;5;25;mai;45778;1;Q2
45803;2025;5;26;mai;45778;2;Q2
45804;2025;5;27;mai;45778;3;Q2
45805;2025;5;28;mai;45778;4;Q2
45806;2025;5;29;mai;45778;5;Q2
45807;2025;5;30;mai;45778;6;Q2
45808;2025;5;31;mai;45778;7;Q2
45809;2025;6;01;juin;45809;1;Q2
45810;2025;6;02;juin;45809;2;Q2
45811;2025;6;03;juin;45809;3;Q2
45812;2025;6;04;juin;45809;4;Q2
45813;2025;6;05;juin;45809;5;Q2
45814;2025;6;06;juin;45809;6;Q2
45815;2025;6;07;juin;45809;7;Q2
45816;2025;6;08;juin;45809;1;Q2
45817;2025;6;09;juin;45809;2;Q2
45818;2025;6;10;juin;45809;3;Q2
45819;2025;6;11;juin;45809;4;Q2
45820;2025;6;12;juin;45809;5;Q2
45821;2025;6;13;juin;45809;6;Q2
45822;2025;6;14;juin;45809;7;Q2
45823;2025;6;15;juin;45809;1;Q2
45824;2025;6;16;juin;45809;2;Q2
45825;2025;6;17;juin;45809;3;Q2
45826;2025;6;18;juin;45809;4;Q2
45827;2025;6;19;juin;45809;5;Q2
45828;2025;6;20;juin;45809;6;Q2
45829;2025;6;21;juin;45809;7;Q2
