customer_id;date_inscription
CUST-2KYXXXW1NK7I;17/7/2023
CUST-NR43XRT2PXYG;7/9/2023
CUST-CH58P8PSVIYU;24/8/2021
CUST-CI7JQHW4TIYT;22/12/2021
CUST-3QHP3KL4NPP2;20/12/2020
CUST-24HVQPZX5YLL;26/8/2021
CUST-FTWLEOUVAAPD;6/8/2024
CUST-TA459CNFKWS7;15/6/2023
CUST-BBCH81JAM8HT;12/8/2023
CUST-IH6Q0NM4GJ76;10/7/2020
CUST-K4X5NRCDCT2R;8/3/2024
CUST-N2XACDNZOIRE;12/2/2023
CUST-HZNP2UZLT0N1;11/12/2020
CUST-U2FMDYLEAYF4;21/12/2022
CUST-T0WUQRZCFU4J;19/8/2022
CUST-0P9K9MICI4V3;14/8/2024
CUST-5WA4V8PAJBPS;19/2/2024
CUST-8WEWLATXXN7Z;27/7/2023
CUST-RQWQLWMV9LYD;1/5/2022
CUST-RUBU0VIX8PHM;10/3/2023
CUST-U979SENPJIZ4;20/10/2020
CUST-G855A5IWG3E7;8/1/2021
CUST-IQ2VD0Z4P23O;20/6/2023
CUST-PPKW5FTDO4YJ;31/7/2023
CUST-98A69EZZHF1X;27/3/2022
CUST-IITJR1HQF1KT;11/11/2023
CUST-UI6ZTWOV90XA;3/7/2023
CUST-BPNW6XNEK135;4/1/2020
CUST-1K5AP5CTJF8L;16/1/2020
CUST-Q0YC5GMIN1Q8;22/4/2023
CUST-MAXR3R0I03W8;5/6/2020
CUST-IAMG8R83TDVH;31/1/2023
CUST-ITNBOGNOPPNL;28/6/2020
CUST-TU8TRE0HYI4T;26/8/2023
CUST-EUI0W596FITT;30/11/2020
CUST-7J8401TD6HUA;16/5/2024
CUST-RMJH448WK6FC;1/4/2020
CUST-SKRGMY5QF2MU;21/6/2020
CUST-CIRXNF7L3LPZ;21/1/2020
CUST-6LPT9NVHLXAS;25/1/2020
CUST-1H1Q7HBI3TGY;21/1/2023
CUST-LQOWV80Y17PJ;26/5/2020
CUST-C3UJLHF0P9WF;1/5/2024
CUST-7BEENKHRH7Z9;28/3/2020
CUST-Y346TRL5BOV1;12/5/2023
CUST-8ZKMV3RL6IG8;7/5/2023
CUST-CBQ4AU4JDC6U;3/6/2023
CUST-R1LL9JZQUZ98;8/4/2024
CUST-VROCTXO872KO;4/6/2022
CUST-QA27AIPS7MOB;20/11/2022
CUST-4PDDW1N4IKUJ;2/1/2023
CUST-0HBUN7GQ9MLB;23/12/2021
CUST-5IV3802T8ZLZ;24/5/2020
CUST-B7RGZUXIGPZS;14/3/2024
CUST-TJ4FJM0BW1HC;12/4/2023
CUST-H1AGXQRXODCE;21/7/2024
CUST-US1JL2S6ZNRY;6/2/2021
CUST-YEMOC8C1CFMM;8/1/2024
CUST-EGIOL2A81CTG;17/9/2021
CUST-4BF8JATJWGUV;3/2/2022
CUST-E7GG3TOPDHLS;9/12/2021
CUST-XV9A1SH2UL84;3/1/2024
CUST-6RZGSN9ZQWJW;28/1/2020
CUST-WXUIK6191CJM;15/1/2024
CUST-TWIBOUNZO4CZ;30/3/2023
CUST-J5XV9Y6BAYJC;27/2/2021
CUST-TAKCQKNUYBBV;27/8/2021
CUST-IP3VVZS54Y9R;27/1/2024
CUST-BGI8TLN611YT;31/5/2024
CUST-UGDP9TNLIE6J;21/7/2024
CUST-M4VRY37N0AWK;23/8/2021
CUST-EOFUH09GHE77;21/5/2020
CUST-SZ9IS3Q1LBEP;14/8/2024
CUST-VLPF23IRUPWD;19/9/2023
CUST-XM8RRL5OAEFB;9/4/2024
CUST-A0XQKE1O6HFW;30/7/2021
CUST-2TFQQNW62X66;1/8/2023
CUST-FEC8O1JR9MO3;13/6/2022
CUST-4K0X2T5C2S8B;4/10/2021
CUST-5Y9E8NWLVUMV;10/9/2023
CUST-LGCCKXXKM94V;26/3/2022
CUST-E5DCOJX1KNU6;14/12/2022
CUST-L1NSG844O4TX;5/2/2023
CUST-S6NQ0FFZXKDJ;13/5/2022
CUST-TD9DPRKJITFB;18/4/2022
CUST-2AZPZMMRCE93;15/6/2021
CUST-G1126XA65X3A;5/11/2023
CUST-PTXRYW2UTIBE;2/6/2024
CUST-CQB4S7KWGQXT;29/7/2024
CUST-1ZDHXOZEMYZP;14/2/2021
CUST-VUDJSFA1QQMY;15/3/2024
CUST-09XGTC8T3PTU;25/2/2024
CUST-KXH7PQNYYJQG;9/1/2020
CUST-XTE68F57NK4T;9/11/2022
CUST-7H9ODYT4HY87;20/6/2022
CUST-W6PKR8270WAW;1/11/2022
CUST-AMDUNGJI6IWN;17/10/2022
CUST-0HMQXE0NAT8E;23/6/2024
CUST-Y5OA1VI96JN5;28/12/2021
CUST-R7V6MO5BWM8R;4/10/2020
CUST-9QIMN9DLBIKY;10/9/2021
CUST-NX93YCQG2UXF;6/12/2023
CUST-HTD5XDWB3BPD;12/8/2023
CUST-K7NLVJN9YROX;17/3/2021
CUST-8YIF5KNRBIHH;12/4/2024
CUST-Y91QO4HT4O3Z;16/4/2020
CUST-JRTX6KB1I3WJ;17/9/2020
CUST-72MDBI8K3N31;21/8/2022
CUST-8N1BEICC03L9;16/8/2023
CUST-MAP006L060GS;16/4/2023
CUST-OQNZSBHJV3E6;10/9/2023
CUST-UA7E4HH8ALP8;29/3/2022
CUST-00QETTAN10VF;22/10/2020
CUST-M9A1EOFPZJF3;6/7/2020
CUST-ZBRVG94X6KGN;26/9/2023
CUST-AABLXXVTQEUU;2/5/2021
CUST-C6LVM2Q35MAC;7/5/2022
CUST-V3WH289V8WFP;19/10/2022
CUST-MF4CIAJXS5B3;5/12/2020
CUST-4JQLOABUSVKP;11/5/2022
CUST-LLD3AHT960V0;25/11/2022
CUST-1G4I3FY9KFKL;16/10/2021
CUST-BIZOR6CPOP4J;20/7/2024
CUST-NCGM2OJDY1IV;19/12/2020
CUST-6T6C2UOFNRUZ;4/8/2023
CUST-8O1PSSEJ9C6S;16/6/2023
CUST-IBP1WPS4FDJP;12/5/2024
CUST-V625TQ0DIVDJ;10/4/2023
CUST-GI40APZ7ZJZJ;12/11/2020
CUST-L99QEXFV9WTS;14/8/2024
CUST-8XJZ216JHN0A;5/8/2021
CUST-IHKRWKQITGC7;2/4/2022
CUST-NA0KHE4KQKLM;11/2/2020
CUST-2S6HU4MSDC58;9/1/2021
CUST-5WTM3662JRA4;12/1/2020
CUST-9JJ8DPOBG4YR;24/7/2023
CUST-B24HR4L517TY;3/3/2023
CUST-ZEIYK5LGT1HS;30/1/2022
CUST-RP5S7DKH80QT;25/1/2022
CUST-MF3HEA17M7V8;2/3/2021
CUST-1ONJ7ZNXPR49;22/3/2021
CUST-ZC5YWD7JP00G;19/2/2021
CUST-P9LRMYJ4JC2H;24/8/2022
CUST-LVLQ6GYQE13S;13/6/2021
CUST-L0WX63MBDUIL;22/7/2022
CUST-Z1B1EE87TLBF;11/4/2021
CUST-ZDESK5YWIJGP;4/7/2021
CUST-KPXLPI8AR1FQ;24/5/2024
CUST-GTJP4N63T9IG;23/11/2021
CUST-NIN7Z68N71EA;21/4/2024
CUST-ZI2SBLDVDQ7W;8/10/2020
CUST-N2XKKN2EXQ25;7/7/2022
CUST-D9SJHP4B5EMZ;21/1/2020
CUST-JXI1P75D8GQ9;4/4/2024
CUST-0RI37NIYOIN3;13/4/2024
CUST-GOYA1JI07CJH;22/11/2020
CUST-JIY7XG2L8OND;8/4/2022
CUST-IWV59VHXA6K2;26/5/2024
CUST-PKB6BE7Y5D0X;1/5/2024
CUST-7X1QBYLFWJ26;2/2/2023
CUST-NAD626BID1BJ;6/2/2023
CUST-BDW0HDZS7OTV;28/9/2021
CUST-0989T7NYS7MC;24/9/2020
CUST-B5WE2W47NEES;7/2/2022
CUST-5QLR4DBUFULX;18/6/2020
CUST-TDH6CV9E3T9A;25/12/2021
CUST-MLRVF73OMIWL;4/7/2022
CUST-ENHET3DO6149;11/4/2024
CUST-67XXKSM2EJ09;7/7/2020
CUST-A7RDBIAW4ENG;21/6/2022
CUST-EMHY5IYGDSON;5/12/2020
CUST-0RB0X4WTXMHY;31/1/2024
CUST-8E36AR077T3S;17/3/2023
CUST-LTBS2JZQ4FYN;25/9/2021
CUST-J5Y9F6O109GQ;5/5/2022
CUST-1QPUY4PPCR1X;20/12/2021
CUST-NM44X6KE1GUQ;18/1/2023
CUST-7WDV7QW8G8WT;20/1/2020
CUST-UN4TU8BYC8GY;16/4/2020
CUST-D3CR2838IJ77;24/5/2023
CUST-OVRF3BFC49F4;11/4/2023
CUST-5QIXWZV7ONBC;19/12/2021
CUST-4BQT9COX70KL;4/6/2024
CUST-ZD0P19RIKB3B;25/12/2023
CUST-FWE88UY1X9HX;28/6/2024
CUST-3SD2HX0MWBDP;4/2/2020
CUST-9SBDRZ728025;14/8/2024
CUST-NW09I436BFE4;5/11/2022
CUST-XYVN088SORZN;29/3/2024
CUST-B6ZJMMDZA03A;8/9/2023
CUST-AXIFECUD2IRH;19/7/2023
CUST-INCOJEESYPPA;29/9/2023
CUST-JEAGZQ2J58OJ;3/2/2024
CUST-AXE3HTQ1XUDV;30/8/2022
CUST-424DSXTHA9TR;19/9/2023
CUST-KLX4YYWVM5LJ;29/2/2020
CUST-JBMWPJI76T28;15/4/2021
CUST-DU1UPZXSDVG2;21/11/2023
CUST-MQFLBC5OXRZ1;29/4/2023
CUST-VHDU99ARFRKM;26/1/2021
CUST-W9PTLMJSV68D;29/12/2021
CUST-Q5V5A07TQE6Z;20/9/2021
CUST-BYQOZJ5FVO8S;1/2/2024
CUST-FKADSKYYD1YB;7/1/2023
CUST-WXNR2PI2YYSU;28/1/2021
CUST-H6KDJF2YI83O;17/7/2022
CUST-21XPJKDCSBFY;31/10/2022
CUST-EVWOPWH7EXET;24/11/2020
CUST-N76H5UXDRO2T;13/11/2021
CUST-0W47P5LOYXTV;15/2/2023
CUST-2PRIVGZAJP44;22/1/2022
CUST-VXIWY26F99V3;19/6/2023
CUST-AV67D95UQCIW;8/5/2024
CUST-2HLFCQHTP2TL;3/5/2023
CUST-NO5YQ0QFBNJJ;9/9/2023
CUST-SZRC4A8PAXOJ;21/11/2023
CUST-HYSE5YE7XVEZ;14/5/2024
CUST-L06SMHG52AZX;14/6/2020
CUST-3YMOYDJ0W9QX;7/10/2023
CUST-HPR0M4J8PC92;23/8/2020
CUST-VCPMTYMM7LSI;16/5/2022
CUST-NUPCP9FNGKED;27/4/2024
CUST-IUZJ38T2IJQ2;12/7/2024
CUST-N43VH2OYWQQ0;16/3/2022
CUST-CDD3DJ0EQN6B;19/1/2021
CUST-WSN2NDX94YOS;19/7/2023
CUST-412GHG0090JH;9/10/2020
CUST-7VRMSSS06SXB;15/3/2023
CUST-3GFRN7TVBSAZ;15/3/2022
CUST-13PFK9XGDKIG;24/9/2020
CUST-C7CCSQURVF6D;26/4/2022
CUST-NNIFGAW3C6MC;3/4/2020
CUST-Z8BI7D451ROW;7/3/2023
CUST-45O42TT3DR3Y;28/1/2023
CUST-FAMIJC0JYJQ5;6/1/2023
CUST-IHN1HQRI7PYJ;1/10/2021
CUST-EQ27DAF3EU53;13/8/2021
CUST-M1FY5D1PRUJ8;1/8/2020
CUST-VBW8ULOYCXCM;28/1/2021
CUST-A4ACGVNI5EPV;10/7/2024
CUST-NKULSZHSXDYX;30/5/2024
CUST-UEF3VD2KB18E;20/10/2021
CUST-01LJRKZ8WOCL;21/8/2023
CUST-3F47X2KHYXQM;14/8/2024
CUST-Z3RZ327DSIF6;18/9/2022
CUST-9F4LHHFEUC43;18/1/2020
CUST-YC8CSXX5GAG2;5/9/2021
CUST-0UESFOHYJKXE;30/8/2020
CUST-U70VCMHWASJE;14/12/2020
CUST-GBX04JE9JLH3;23/6/2024
CUST-HSPAJL24UWMP;3/7/2021
CUST-XGOXJLIO8DZD;10/11/2022
CUST-JQ3EKJNFSSQ4;19/7/2022
CUST-QL4AAC0U06FX;2/3/2020
CUST-DW0KBRCTB8XN;14/11/2020
CUST-ZDVAUKT7DIPQ;7/9/2023
CUST-NA417AIRZEV3;6/6/2023
CUST-C0JP2N08B7WJ;15/1/2021
CUST-NQZE75HZFMUW;26/11/2023
CUST-RZBMZ6B1B5G3;30/4/2020
CUST-NL1PCY4GORUD;8/6/2024
CUST-EQNMEA6Y34V9;27/11/2022
CUST-YFTWVYAEH5IE;17/12/2020
CUST-JGF6N3NDXVIN;24/7/2024
CUST-VHYUIGMTGSPC;15/4/2023
CUST-H98UW8JDRAEP;8/6/2023
CUST-8LZCONDEGQ2Y;27/8/2020
CUST-FWLDHTAOM7RQ;22/4/2023
CUST-8W7RSD6EZHXZ;18/11/2020
CUST-WSHBC1QYS5AC;27/4/2024
CUST-LRRYR3J5JBUU;11/11/2020
CUST-XEAMJFIA09S1;12/10/2023
CUST-OUDEGNHDDUHS;22/10/2021
CUST-1PPQOJRGPBW0;24/6/2021
CUST-VHH75CFF9E31;12/4/2024
CUST-XMFWU3J0JYLH;17/1/2024
CUST-USY71ST037WO;14/12/2021
CUST-NKUFXGTOU2S3;2/6/2020
CUST-V3331OM24C8S;9/1/2021
CUST-IA7OLTJV1ZNU;29/11/2020
CUST-X9SXS837DKWB;19/8/2023
CUST-TWQUHP20P72F;22/12/2022
CUST-8P9LKZFAAMCE;25/11/2023
CUST-S800E5GE73LP;4/5/2022
CUST-UOOWGLWG215X;20/2/2023
CUST-6KZHTDKLMH3I;26/10/2022
CUST-6Q4ZJ1A0IJQT;13/4/2021
CUST-791JAJIFNP8Q;9/3/2023
CUST-XQHQG7URLS4H;6/8/2022
CUST-7OR41YLDARMF;29/9/2023
CUST-4IEEBNR2V25U;3/10/2021
CUST-D2OPTF7E73RA;15/12/2022
CUST-MTHKBGZIZXOV;21/4/2023
CUST-MP67A03BJL6D;4/12/2021
CUST-XZU20IHWME3B;3/4/2022
CUST-RVRTM9VWEUOC;11/4/2021
CUST-19IJ4IJ1TPX7;10/12/2022
CUST-BTILIB2I6LP6;31/1/2020
CUST-3B6QYXU4RF71;26/2/2024
CUST-8P4YOUY27OFV;8/2/2024
CUST-DNIO2MRJHQEJ;14/8/2024
CUST-I7SEFU1HY1DN;8/8/2022
CUST-YIQ75RD4GT9K;14/7/2022
CUST-QD5ZYN6M0R3V;27/11/2021
CUST-TOOYKOIXYABY;25/11/2022
CUST-WLCVVU9JAR6Z;14/5/2023
CUST-CEKUELJIF6X2;11/8/2022
CUST-KZYA7LB4ITVI;26/2/2020
CUST-59AD6KEFR7M4;7/3/2022
CUST-DQD98PY76Q0T;15/7/2022
CUST-SCHPFOCM3VD0;8/3/2023
CUST-O26G5KZ8054M;2/2/2023
CUST-CDKB612854AE;22/7/2022
CUST-MULNX6Z9314V;16/1/2024
CUST-QQORG65WLB2G;10/8/2021
CUST-3N2GY50BSCOF;17/3/2024
CUST-LAY4IGUPZHVJ;19/7/2020
CUST-5IFCVAEURGKS;10/4/2024
CUST-LJUSB06MJC1A;13/6/2023
CUST-SR4600EC2QHI;15/9/2022
CUST-LBWLO5B3IRBT;20/2/2022
CUST-Z3DWY95XHKEF;29/3/2022
CUST-JT0QRQ16CXMI;8/3/2024
CUST-X3688I3J8DNC;26/9/2022
CUST-PJH53RXIEWBF;21/7/2022
CUST-BVYIANR1ECI0;18/12/2020
CUST-5AMB55U3GHBJ;31/10/2022
CUST-2EYZVNKWGV4W;3/9/2020
CUST-R0CPZ865CU3R;16/5/2020
CUST-IELMY9YTAQEU;17/8/2021
CUST-QM3XQWWGMCYT;15/1/2022
CUST-UEKPM18JSSZ7;27/1/2023
CUST-Z482RA27GGHR;6/6/2022
CUST-5GYTN0PJTB7X;12/4/2024
CUST-55Z0INRKQVJ0;16/10/2020
CUST-UUE6CA1055D0;22/3/2022
CUST-54B31OA6XSHC;31/1/2021
CUST-KE87XQX0S64O;20/3/2023
CUST-CA82ELYP41NL;18/7/2024
CUST-571F0XDIFCZD;10/10/2020
CUST-U3VW237SI223;22/5/2020
CUST-WKR5QTWF96OT;1/2/2022
CUST-XTI5CYMZILEB;8/3/2021
CUST-ICC5C6MNWFRE;26/7/2020
CUST-5PFT71YJP9RC;16/6/2024
CUST-X26QG6JQAGGN;22/2/2021
CUST-UJLT9BM0A9RY;31/1/2024
CUST-KIVJSO4NDEYP;2/1/2020
CUST-ZS4R5Q33M2IM;27/10/2022
CUST-20KVHBNQCQDR;26/5/2023
CUST-2S0TW972XMDX;1/6/2023
CUST-TY0XEDPL06ZZ;9/2/2021
CUST-SHHZDP7TBTHI;14/10/2021
CUST-GD5A2IB5ROFS;21/7/2022
CUST-1NA9C273B31I;22/5/2021
CUST-RJAFVN77FZDR;13/4/2022
CUST-O4A2ZBPHM0DI;5/4/2022
CUST-XOG109TDC4BT;14/8/2024
CUST-YRY4CZLZJF4Z;11/11/2022
CUST-20X81S5U92Y9;1/2/2022
CUST-UKT542YSQHE9;21/9/2021
CUST-GHV48D87QM79;13/10/2020
CUST-7212VL6W1MOG;6/6/2022
CUST-9XT8ODBQKUI9;24/11/2023
CUST-D2MPY3F6OOXT;18/2/2022
CUST-DPHU7NVYGTIG;30/5/2021
CUST-ONQ0J93YM4WQ;27/9/2022
CUST-A66HAV79SA18;13/1/2022
CUST-6RW8AWH3M13X;19/7/2023
CUST-YBFQ9PSVIAZD;14/5/2022
CUST-GAZO9Y1TLB7R;7/4/2020
CUST-RHSGKHADAJ91;1/1/2020
CUST-SRO19AIKN9FV;18/4/2022
CUST-8KBKK4HC1BEI;1/7/2023
CUST-FS1SM9VFKF93;3/6/2024
CUST-RO3ZCYHAKF53;28/1/2022
CUST-A5ED6XLF1OFT;26/9/2023
CUST-4SWHGR2H3GK0;11/4/2021
CUST-JEULO8FHQSCF;4/3/2023
CUST-LZ9AAILNGL9M;19/2/2020
CUST-G1MX76T7707P;14/7/2024
CUST-ON6RHQV2JXW1;2/4/2024
CUST-5JPS4CSXFB1O;16/7/2022
CUST-509KRGJNX1BB;12/6/2023
CUST-VBNVXS3XX1JK;5/6/2023
CUST-J3GODQEJ3K81;4/6/2024
CUST-XA74A2UN27PV;18/6/2023
CUST-KC7PJIH8HSEI;21/3/2022
CUST-A5IQJYPHJGL4;20/8/2022
CUST-D9KS454ILGD2;24/11/2021
CUST-DBMSW21V2UAQ;26/3/2021
CUST-XRX9LL68SMWH;4/9/2022
CUST-7R9TA0KWG51Q;8/9/2020
CUST-43271JY7Y2KG;20/8/2022
CUST-SOHIHHD05M22;26/1/2020
CUST-U5UBJO2YUWDE;3/7/2023
CUST-XIXVNDKTAMSI;1/7/2022
CUST-ZE19RHY7HJ0W;10/10/2023
CUST-D3PLLO2F345D;18/12/2021
CUST-9AJ3JE6BI9LO;10/1/2020
CUST-EFD24N3ON53F;25/12/2021
CUST-DO4J3Y13YN2V;25/9/2020
CUST-LXX4YIWAP006;17/7/2023
CUST-L1LT225V4RUM;25/9/2021
CUST-PZGMOJTCS76B;2/6/2020
CUST-CR2QQBBTI5K6;8/9/2020
CUST-LIQWE9V1LXNU;5/2/2023
CUST-TOAAL0GO1PCL;12/5/2021
CUST-3WMLI1LSMVOX;25/2/2021
CUST-P4QSP5SFP9FP;22/12/2023
CUST-76XUI4DAXIT0;11/8/2024
CUST-3UHMVB2NNPUA;27/1/2022
CUST-RUTW9N6O6VVX;6/4/2023
CUST-6CSV93DB9HK3;22/12/2021
CUST-ZZ6ASS2HRJ5B;14/8/2024
CUST-FT3JHBCVO416;26/8/2022
CUST-36YNTZKYKFBT;15/5/2023
CUST-GA8IYF0SBU67;19/6/2022
CUST-2APVU230POLR;1/3/2021
CUST-XOHJG5K7BUCL;29/8/2021
CUST-SKADY3ZYVWY5;9/4/2020
CUST-PK7CVZOQZ85O;22/2/2023
CUST-J0OBG0771WI9;18/12/2022
CUST-ODMV1677IKTE;11/9/2023
CUST-QHM5B0NDVIW3;22/4/2021
CUST-50IJ2NWJ923B;8/8/2023
CUST-1GRGIRCXFF7G;5/1/2023
CUST-BWUBX776N57M;14/10/2021
CUST-A6P86L3GDOYQ;7/4/2023
CUST-29NWFGNAJLF5;22/10/2021
CUST-1KZMSJWJKO3C;21/6/2021
CUST-A706UMY402NP;10/12/2020
CUST-3ODAK5AUTW9U;7/1/2020
CUST-4R0SPKP67YAV;7/3/2024
CUST-DJYZOTX42PII;12/5/2021
CUST-WJZE9XAAW3AG;2/4/2023
CUST-QIAUZMPCU6L7;5/1/2022
CUST-UT0HOM7ZOMSW;6/10/2021
CUST-C79WZES7TBHQ;27/11/2021
CUST-F81F7EGCME7S;20/10/2021
CUST-EAHRYDNQBX21;5/5/2023
CUST-FZQI0YJQWAYU;18/6/2020
CUST-CATZGCKUIUZT;22/10/2021
CUST-24KSAQV5SS4S;10/9/2021
CUST-7MI9WGWEX8BH;17/2/2020
CUST-TQFAO0E0IDY4;19/6/2021
CUST-FLSRR0J8X43C;11/10/2022
CUST-9DWY03UPA2W0;27/12/2021
CUST-XKVEO4TD6DAA;25/3/2022
CUST-GO9KI3X957TO;23/6/2022
CUST-L50OS1CD5R3N;22/2/2021
CUST-2BN9N6K7M6PJ;16/10/2023
CUST-LMKI85DCTYSN;27/6/2020
CUST-DTYEW8WU8NHQ;15/2/2024
CUST-IJJCZAKLJXXT;12/2/2022
CUST-SCBB5LC59BZ9;28/12/2023
CUST-PG66AFLUQUT7;5/7/2023
CUST-J2L068OADU9H;14/1/2021
CUST-PJ3K9DHK64X9;8/8/2022
CUST-IVN9ZP43WYKM;13/6/2022
CUST-8AIA0ZRBE1JY;11/3/2021
CUST-PUZXZIHAYDP7;24/12/2021
CUST-2SU9MJAWWZQ6;11/12/2020
CUST-XQGK8ENU8AHZ;2/1/2022
CUST-YBSVUU443B43;19/3/2022
CUST-BP3IV7PFJLRK;5/7/2020
CUST-25SRNIXUPHO5;27/8/2022
CUST-IOWVKGIQGTU1;16/11/2023
CUST-NEQ631FFVOSW;18/7/2023
CUST-NMABOLCQP65B;14/11/2021
CUST-GERXE8AQILA6;20/9/2022
CUST-KDD4WJOHVDKV;27/11/2020
CUST-JGQAC17LJPTW;7/9/2021
CUST-V39GS74BBIMC;13/4/2020
CUST-PECAACC5F3JR;20/11/2021
CUST-6GCPL56GYVRN;27/5/2022
CUST-Q6HI0RBRVNYX;25/5/2024
CUST-HIIEQH0W1AN3;3/2/2022
CUST-UTA50LOIYTBV;18/5/2024
CUST-7EAGSHLKZRU7;4/5/2020
CUST-AEMORE7ACFWR;16/6/2022
CUST-5FYYHTJ9SSFP;2/8/2020
CUST-T83YXA68BFVY;7/1/2020
CUST-2OC8A27BI22I;17/10/2022
CUST-DN2BF0SSUBRG;12/4/2022
CUST-5N4GVWEZZ0EO;9/11/2023
CUST-HBSH74X453C2;3/2/2021
CUST-4DR3H44UQQ9Y;6/10/2023
CUST-7JE03VIP1GBD;6/5/2024
CUST-9W2RA6DMD9W8;20/1/2023
CUST-I31EWOHLULM5;19/1/2023
CUST-LJMGKVQ62JH2;7/3/2020
CUST-FL2SH6ASDQMQ;13/4/2023
CUST-S4S92IISEFQT;12/9/2022
CUST-24EGU4JSNV5M;23/7/2020
CUST-EYYPLC8PDAXB;30/1/2023
CUST-U3W1JZEE8SRO;25/9/2022
CUST-R07LIX7KAGZ4;26/1/2023
CUST-YZ8UF20OI3IR;3/5/2020
CUST-ZGJ1G4X5ISIK;13/9/2023
CUST-VMXYDCREZL8Z;11/2/2020
CUST-2L6SAPPZ6MLO;25/5/2021
CUST-JATXOQL0B9J3;27/12/2021
CUST-Q0QA367F7328;26/12/2020
CUST-Q8PD5ZABCJEZ;9/6/2020
CUST-7T9UCCDTYMFX;13/12/2022
CUST-GF7GOG4160YA;20/10/2020
CUST-ID795Z03FMGS;26/5/2024
CUST-T0HEK5JWA5KQ;29/9/2020
CUST-IR46S67ZFZPC;20/3/2021
CUST-WTNZFK9HS3N4;23/6/2021
CUST-X20YY9SWHUH2;16/3/2023
CUST-DTXECXQPKN3Y;16/7/2024
CUST-2GBDC303DEBV;19/8/2021
CUST-KG89W9I1ZEV4;9/1/2021
CUST-BHKRDBXMPH18;27/2/2023
CUST-FHQISTXKNRHL;4/8/2022
CUST-88UIQKMW68U8;28/10/2023
CUST-KB37L0HM87PZ;18/12/2022
CUST-EBVASYGHHIXJ;14/10/2021
CUST-X424M6KYDWD9;15/7/2020
CUST-QE2V857S0D84;29/8/2022
CUST-I61WWPOA5H34;17/7/2024
CUST-W7F6KAQ61S8M;29/4/2022
CUST-RMFSSYN10H50;29/8/2022
CUST-1NWC0C5Z59X1;25/5/2021
CUST-YU54MXUHK65Y;23/3/2023
CUST-34NUAEVKS3J4;5/6/2021
CUST-EXZZR3IHR279;14/8/2024
CUST-F3LG9PEVO0E9;14/4/2021
CUST-0E2YANKIH6IA;22/2/2023
CUST-KVXJWZMI1OLW;26/8/2023
CUST-R96I2AJLYQVO;12/12/2020
CUST-X4H17N8N620T;31/5/2021
CUST-NQ7BMFW3EVQ5;27/1/2024
CUST-QB1F3LKFVNQ9;8/6/2022
CUST-8VIGQ44GE62I;26/3/2022
CUST-AMOX42ZD0Q3U;10/2/2022
CUST-3VYO16MB0Q4N;11/2/2024
CUST-RLRFWB1766EM;21/10/2020
CUST-IX7VPNE744G8;29/8/2022
CUST-0DM0M6580EWW;19/2/2021
CUST-UUFOM903QXDZ;19/3/2021
CUST-IASP4NZT0530;3/11/2021
CUST-94WHND2L5USP;5/5/2020
CUST-NUTBTFJN3820;2/9/2020
CUST-WRMBAIHDO4OL;3/8/2024
CUST-R1BWQT7PW7MI;17/6/2023
CUST-TCMPFBCRM6E0;6/7/2022
CUST-0HLP1605ZDVJ;13/7/2023
CUST-YFHO3R4XPYQR;19/1/2024
CUST-VBPU0B0J7UFQ;14/6/2021
CUST-LRO22SZ70VXO;21/12/2022
CUST-QCXU1WU3CFSA;18/3/2022
CUST-VBOHADERCNQW;23/11/2021
CUST-DI22VSY2JNGZ;16/1/2022
CUST-XFMDXDOGHBTF;8/8/2020
CUST-CSU904HLW3Y0;8/3/2020
CUST-LOFIWS08F2EF;2/10/2023
CUST-HB91ODN934QI;4/4/2021
CUST-WSBGFB8R1REM;1/8/2024
CUST-2Y1OLX5OFFS3;16/9/2023
CUST-UNF75IVYPTGR;29/12/2023
CUST-KJBRIQ2BLOAQ;3/12/2021
CUST-JNSOZSFORR88;19/6/2022
CUST-D4GXK7V7M7OV;24/4/2020
CUST-5RUNT1CQTZI1;24/8/2021
CUST-MQNY7QQG0362;11/3/2024
CUST-81QFQS8YLX8H;7/4/2021
CUST-759L3U74BYGL;15/8/2020
CUST-D4CH3HIWDQD5;6/10/2020
CUST-C0FGGAW7CQ7H;29/2/2020
CUST-3LG889X8V0C6;6/5/2020
CUST-S7ZDYXCQXSBI;14/7/2023
CUST-RQDY2LH32P7T;28/12/2022
CUST-WJEFF9YPI9H9;28/7/2024
CUST-N8RX6MCYZ4PH;4/9/2023
CUST-19KJJR60F0NW;7/3/2024
CUST-5LQ6LPL9J7M0;22/9/2022
CUST-JQ2WFUCMMS5G;1/3/2023
CUST-K3514QDJDB8D;20/7/2020
CUST-U5CXAMRNZCQG;29/1/2023
CUST-7ICS470H6ZNW;24/9/2022
CUST-G0Z32C260ENX;21/4/2020
CUST-U1L3XK7NXMHF;18/12/2023
CUST-RJPR677ZWUQP;10/5/2024
CUST-2KZMLUHJIJZP;9/5/2020
CUST-WRBIND7QK36I;29/2/2024
CUST-HILBLBH0QVHF;20/12/2021
CUST-3CLNPIQO4PJ9;1/2/2023
CUST-F3G3I1IY1H17;23/1/2024
CUST-3QYMP8WZA866;26/12/2022
CUST-AF9HYIVP2UT7;2/9/2023
CUST-WK4PAX73KS7D;2/6/2021
CUST-VCB4G7EEZ04Z;19/1/2020
CUST-MNQ9AUFID9F5;5/3/2024
CUST-JKPMPNJFUL41;31/3/2024
CUST-K3P1F300FIMP;31/3/2021
CUST-9ISJFPDZBZM7;26/3/2023
CUST-D5IJS1X30F1O;18/12/2022
CUST-USUHNNVLGARM;13/4/2021
CUST-ZEX4NY1KEQ0Q;17/2/2020
CUST-81EG2IO8A6RU;4/7/2022
CUST-D84CQNRLB3F8;13/4/2023
CUST-NRZNM7XVTD4O;24/6/2020
CUST-WSF9SGYXT46U;28/1/2020
CUST-Y9D6HYIXBSAS;30/1/2020
CUST-Z7AXO4H0IDZ8;3/11/2023
CUST-U8WT4SKGEFM9;30/5/2020
CUST-70YK0M7A37AP;15/12/2020
CUST-VYZN7GF0UESK;26/7/2023
CUST-8E12JJ50S8FH;25/4/2020
CUST-A7H5W520PMSM;26/1/2021
CUST-UXNDU1TG3M7F;22/1/2022
CUST-UKC0P1119KXE;27/6/2024
CUST-8RD0F9DP1NTA;14/3/2022
CUST-7QEW0V53L3PX;14/7/2022
CUST-D8DOWKUUHMQF;28/8/2020
CUST-MTH0IN5EGDYN;18/3/2020
CUST-TUPHMO55O31G;7/10/2023
CUST-FYT5D0VKIGW7;29/6/2020
CUST-XVHOA0FU69RE;24/6/2021
CUST-DZ68R3SQ668Z;18/5/2020
CUST-SU349KE75E8P;28/4/2024
CUST-RVY38O53EDYJ;31/3/2020
CUST-BX523T53UG0O;10/11/2023
CUST-JNQL1PX87GAG;17/10/2023
CUST-RLV6773UC6U7;29/10/2021
CUST-SU0QNC80JSXV;5/2/2023
CUST-LPY1BP4MN36I;28/7/2021
CUST-3C19MUR9SCUX;13/5/2022
CUST-F55EKQOKLNQF;22/8/2022
CUST-PZYPSXTW7LXQ;23/4/2022
CUST-PMJF0BY9OWOM;8/5/2022
CUST-H78OJB3UYK6F;6/6/2022
CUST-TK86YZALWD7U;4/10/2022
CUST-AHFOO8TDJ885;24/9/2023
CUST-0IB6XAFP9DMA;28/3/2020
CUST-7LP7P0UDAGKW;3/1/2023
CUST-O1ONO9MDWOIM;30/7/2022
CUST-SL40MTRNL5R8;5/5/2024
CUST-OLCPPWQC9MXW;22/9/2023
CUST-SX94Q0ZUD0LT;14/8/2024
CUST-8XHKB0Q3RF2M;30/7/2021
CUST-IZHVYDU3HH3L;16/10/2023
CUST-W7YMT1V09SB1;24/10/2020
CUST-H5UBGVQ437XQ;28/3/2023
CUST-V6LOL8OQORMV;17/12/2021
CUST-F5UWBMRF8TI2;29/7/2022
CUST-1TZUW5SJCGVW;21/7/2020
CUST-QO5ABVPTNP39;5/1/2023
CUST-F27C9E52W12U;26/12/2023
CUST-IQJ9TEP1MS6K;3/7/2022
CUST-0PV7FF154SAE;19/7/2023
CUST-ZC8KOPP65254;15/4/2023
CUST-AY1US87IN95O;2/2/2022
CUST-K2SNQIUZIO03;21/7/2023
CUST-5IJF4430QLIJ;4/10/2023
CUST-D5833C1LS45E;21/4/2023
CUST-YF7PP830JCS9;21/2/2023
CUST-N7G0L0H4L3JW;17/6/2021
CUST-R4RUXCWFEWL3;10/7/2023
CUST-3GI2TQ4B2GQ8;25/11/2021
CUST-325JK6YGIU0V;26/5/2021
CUST-WTG5CL34VQJK;3/1/2020
CUST-R0R6IW57PNP1;7/2/2021
CUST-6N0RYZCBSN22;16/2/2024
CUST-X16S621PYMWZ;16/4/2021
CUST-SWV8ZHM8AH1D;12/7/2021
CUST-QSKP43E4O17F;5/10/2023
CUST-WDS46FZLK1LU;4/5/2021
CUST-FMZCW1SNRX2E;22/11/2023
CUST-BK6BAEOUJ9I7;14/3/2024
CUST-ZQ6SSD4T35DG;22/5/2023
CUST-V2H6Y1SGSIX6;2/9/2022
CUST-5ZF48EU4BUEQ;12/3/2023
CUST-B8W3YSU9HIUX;11/8/2020
CUST-37M6G3O0TK65;14/2/2023
CUST-L5MTNE8IZ31J;13/5/2022
CUST-43S418WQRL33;29/11/2020
CUST-8SOE5HY21GNT;9/3/2021
CUST-JIGMIZ3S7DTJ;26/3/2022
CUST-7C2RHC0BKWA3;27/2/2024
CUST-KEQ0GFQPTYPM;9/10/2023
CUST-7XVBH3SFA37R;22/4/2020
CUST-6GWACSL6V2N8;24/10/2022
CUST-CAAEXZP8C2P7;23/7/2022
CUST-UKVK68EA1FK1;31/12/2023
CUST-RLXX1TC7EHOL;8/9/2020
CUST-9IZQMXDOAQWP;7/12/2020
CUST-GL0B6O50LFVJ;5/5/2023
CUST-TPC6GUH881U3;28/3/2024
CUST-2T83SL1GAABX;17/11/2022
CUST-GRMIHW2ACD87;16/5/2020
CUST-HTU0RUTP9GVA;4/1/2024
CUST-COFX8WOR4IZU;1/8/2024
CUST-ICRH4OI55K68;23/1/2023
CUST-UU4UG1MPNSEG;20/1/2021
CUST-6SERHDRGV3DB;23/8/2020
CUST-OKZU1GTFPHKZ;23/11/2022
CUST-YYB0M8ET2VKQ;17/4/2021
CUST-L4QTSM1O1545;12/2/2021
CUST-QUV52L4KZK5J;5/12/2020
CUST-P9A0416UKC84;2/10/2022
CUST-JKXAT5XGK54F;7/3/2020
CUST-GQ3XVXPVE7FA;29/3/2024
CUST-J3E3T2CSV733;25/3/2024
CUST-DZ97NOD0Y2ZW;2/11/2021
CUST-2Z6GWT9RYO8K;17/3/2024
CUST-FGDHY6XRXIQL;19/1/2021
CUST-FB406EI9DXG1;29/4/2020
CUST-0ABYM7CWEGQ0;3/6/2022
CUST-K1QPKPMN0CYJ;27/7/2020
CUST-RP0C7HJ51E6Y;21/2/2024
CUST-75D6RISVYLY8;1/5/2023
CUST-1PLMHN3G8UOS;18/8/2020
CUST-JJFBS6BJ4EC9;23/8/2021
CUST-4W2BZS8DRM78;30/7/2022
CUST-9DZWDKRAUQLE;13/10/2021
CUST-UDNRB89BDWVY;5/6/2024
CUST-EI6GHFTX1URH;7/8/2024
CUST-RR2LL22G8HIO;16/7/2022
CUST-MM8LE24SQ05Z;24/8/2021
CUST-6WR8LQBIU4JO;21/12/2022
CUST-P366ACOF0TN0;13/10/2021
CUST-VQGM21ATPK1Y;1/5/2020
CUST-M06ES14G9SX4;2/1/2024
CUST-MOVJ2AQN1HZA;8/11/2020
CUST-SANJBE3NG183;24/12/2020
CUST-A8PANK3GAKKE;4/10/2021
CUST-BJE0PJD5YM50;29/8/2020
CUST-ECKAHHRPY4MO;11/1/2024
CUST-A9OIZK90P47X;12/4/2020
CUST-YRWW7W769S9X;4/3/2024
CUST-CY227M2QWP1U;23/12/2020
CUST-L7LW4ZRMM31G;7/6/2020
CUST-AUAY8WOIKZN7;13/4/2020
CUST-FA41SL9OL0ZV;24/9/2022
CUST-ZSA0GGEFSSLP;20/10/2021
CUST-ZEG6T5H9OOSO;12/12/2023
CUST-KYB2R7DATQX4;20/2/2022
CUST-BR2A5ZPSCUL2;19/12/2021
CUST-JPFAAMUK2WIA;21/10/2022
CUST-ZI05HF2HWGMK;19/1/2024
CUST-T6CF5DWNXN3B;18/7/2024
CUST-TTVQQ1XNW4JX;29/8/2023
CUST-FV84I7FRT20U;21/5/2024
CUST-VX1JCH0IKX1Q;7/7/2024
CUST-IGUWY4NHG5W1;25/5/2020
CUST-EIHCCW7BPLQS;27/6/2022
CUST-RLSUY002WGTC;17/10/2021
CUST-01K8YRIBSAZ9;5/5/2024
CUST-IU6FS550YLTE;2/4/2020
CUST-4BQPMJCQAK46;15/8/2021
CUST-USQN3RDMDM66;12/5/2020
CUST-QI4Z3I6ABBUA;23/11/2020
CUST-9BJVABA8K09C;14/8/2024
CUST-QFDEGXHF7HWW;11/11/2022
CUST-JIB0IC9J6NGW;28/1/2021
CUST-Y6RLOE40YPNR;6/4/2022
CUST-71PETU78MVXJ;13/3/2024
CUST-TQ00CA6EGUVK;7/7/2024
CUST-3Z0ZVY011ZMG;7/4/2024
CUST-67W5DERV1VRP;10/9/2020
CUST-W92QMNKO0FW7;27/1/2024
CUST-7L90L3CJJXWC;18/2/2023
CUST-08UA2GHZDOO1;30/1/2021
CUST-CILQ1JQTCJCI;25/7/2021
CUST-QX1B8IR5LZ6N;24/5/2022
CUST-EZG46Z0C3I79;16/9/2021
CUST-Z1786S9GJYJM;2/4/2020
CUST-665USFN0VXP5;14/8/2023
CUST-TRS0W1DEQOBY;17/12/2022
CUST-1I6N5E5060U9;16/6/2024
CUST-XIS0TTD3349U;27/6/2022
CUST-5I3R4M0T8GYK;1/7/2022
CUST-RSMDSVEIYOIA;20/3/2022
CUST-E5KYDYWOO5VZ;12/10/2023
CUST-7825Z6RWGOPQ;15/4/2022
CUST-HT7TWDG4MB9K;28/2/2023
CUST-NSOMMKJV12HM;11/1/2020
CUST-X9WKIRZHGQDA;17/9/2022
CUST-UWJGYG5JMWZK;4/3/2021
CUST-MIWIQEZZXPAP;16/12/2022
CUST-RHR663OP6EYV;24/7/2022
CUST-0LLUXBN347CL;24/7/2021
CUST-E5IQSHH1TVDP;26/6/2024
CUST-YSK9EULMK36R;9/6/2024
CUST-2470AANFNOFU;19/1/2024
CUST-YH3QNKUX4G9P;9/6/2022
CUST-8TB9QXIEXGLF;11/7/2022
CUST-F8ES9J9K5VZ2;2/6/2020
CUST-GCFN3AF8PJG4;30/11/2020
CUST-EDT4BBWEF4NH;24/10/2020
CUST-3NVFLFY35TTS;28/6/2020
CUST-5VFQN24KKK3X;15/3/2021
CUST-WLORF6U0M2HO;6/5/2020
CUST-RZFAI444PQ0Y;12/11/2022
CUST-0GF4I62X1T96;5/10/2023
CUST-LX45XN1R3Y9I;19/12/2022
CUST-30D2NBZYX6WX;18/5/2021
CUST-BWWEWYWC8E0E;27/6/2024
CUST-CLXK3NZTFTXH;30/1/2022
CUST-9K4VT24O0BY9;17/3/2020
CUST-6G55SEAIHUU8;7/4/2024
CUST-Z3RRC90IPJOR;15/11/2021
CUST-70ZN7HMYRCGZ;16/6/2020
CUST-UHIGUXWP95I5;30/7/2020
CUST-EJLHOLD1KXK3;23/7/2022
CUST-OPZGJCIMG5KP;15/5/2021
CUST-BIIFUQ4XZX8F;1/8/2020
CUST-68UXTFX2C2N8;14/7/2021
CUST-2H6A2U3L85A1;5/8/2023
CUST-N7XMLXOWA94Y;14/8/2024
CUST-D2F8Q6R5J2SR;31/12/2022
CUST-JWSP9BT8SX79;23/12/2023
CUST-AI97LT04MYKZ;8/12/2020
CUST-WLECO64G6AL8;5/5/2020
CUST-HA7DTSN4Y4N6;29/7/2022
CUST-S7NITNDCPLFD;13/10/2020
CUST-LX3XNOXHRFJD;30/11/2020
CUST-POM7MFMY9RVN;3/5/2020
CUST-127RYB69Y9MO;24/7/2022
CUST-41SRL2HL3XXO;16/2/2023
CUST-D26LKBHLCMD3;3/4/2023
CUST-4TO481S65FXT;19/8/2020
CUST-HGHKDSHJ0DK7;26/4/2020
CUST-6F6D3X1N45BC;2/12/2023
CUST-YINGVNLPIM70;13/7/2021
CUST-HVDF1ISBVZ9J;24/8/2023
CUST-HB45TTGAP3LN;2/5/2023
CUST-YR7P6S1PN3S5;28/7/2022
CUST-ZDTT9WWUT2JW;9/12/2020
CUST-M21788AHOGLK;28/7/2024
CUST-FIMHH9LTACAC;10/12/2023
CUST-OVF4YSAMM5JQ;29/1/2024
CUST-B19X8BRJUJ4J;22/7/2022
CUST-PHPUVX4R98AY;4/7/2021
CUST-PUBQ5UJLKP5T;28/3/2022
CUST-4X4FC29PQ35K;5/6/2023
CUST-1GY1KJXD1INQ;27/3/2021
CUST-H25BHTUFMG34;20/10/2022
CUST-KF7EC1DVTDZM;1/9/2020
CUST-67MVGBGC1LYC;24/8/2023
CUST-65TWE98M32P9;6/4/2024
CUST-NAFJGHQP9IJ4;15/3/2024
CUST-FAYV3DXW088X;2/9/2022
CUST-6SWYKHMZS9CD;29/6/2023
CUST-J0Y4ZUZ86NCT;27/8/2022
CUST-QF7NXUHZAE9M;18/3/2020
CUST-7QX4WT90JFXI;7/12/2020
CUST-2ZLJR83DL656;3/4/2023
CUST-4BK6S1A7GCLN;5/4/2020
CUST-IO0AW2NQZ78U;26/3/2020
CUST-RRTKM7KAJIM8;20/4/2022
CUST-2BS69R4PBKPY;18/5/2023
CUST-HJATAF3ATM6R;11/12/2022
CUST-P8XJEOWST4M9;10/7/2021
CUST-JE7E8SIBHH1B;18/3/2021
CUST-FZYDRWIX7PDB;9/9/2022
CUST-2VC09HFTKS5R;18/3/2020
CUST-N8M8UOYAVSTS;12/12/2020
CUST-U3NDEWIQ22RE;14/4/2024
CUST-7BR1CGWJ5QR1;19/6/2023
CUST-NFWDCD6AAXA1;5/4/2022
CUST-UQ5U12K9RCMS;6/8/2022
CUST-2X9C44MAYD8E;10/5/2023
CUST-AT3OJZV0BYAR;9/5/2021
CUST-UXZ12M3U4P9I;8/12/2020
CUST-PYPUSYELZW4J;28/5/2023
CUST-WGFE8J11VQFE;14/8/2024
CUST-SFVW3SHSTS8K;2/1/2022
CUST-9TOQUH2QOY3O;16/4/2024
CUST-QJ23QL39GIOG;31/5/2020
CUST-VJP3FPY6YK3A;13/3/2021
CUST-WUPE298NFFTA;13/4/2023
CUST-3S925N4SP6YC;20/2/2023
CUST-LXCVJSN9XECO;19/11/2022
CUST-2T042BZ2ECDQ;2/3/2020
CUST-CE0LSKVLFDG1;24/7/2024
CUST-VQWP7XWLEGC5;23/6/2024
CUST-XSU0TP646HCA;30/4/2022
CUST-JSIN9C3HJ55S;9/2/2024
CUST-AWC3GQIFU7FA;24/7/2024
CUST-HSCU8BRU9RKD;2/8/2020
CUST-RMLLNVCBQXDE;21/6/2020
CUST-OZWJAII2W6B2;2/12/2021
CUST-07GXQW1A5ATU;5/11/2021
CUST-O8O1FUV04H5O;2/3/2022
CUST-4JGERUI4ADKF;22/8/2023
CUST-M24QGLSE0RV0;17/1/2020
CUST-XLKV20D1XSV7;15/3/2022
CUST-393B7PORVQWO;14/11/2022
CUST-LIO29I1ZUWPE;7/1/2024
CUST-5NGGQXK3ZOWI;15/2/2023
CUST-LIKKAJ6A5EE8;19/11/2020
CUST-PZMCINC0QCPR;5/6/2024
CUST-T6NGAGS6GZRI;9/5/2021
CUST-YA2O3AI6L34X;15/6/2020
CUST-UPATXJDLSZAG;22/4/2022
CUST-BI9FORZJW7LL;22/1/2021
CUST-E3YMGT2SLXXU;22/5/2022
CUST-JNP16SGQFJX4;26/3/2022
CUST-YORNHX94JIXT;14/11/2023
CUST-5TW55IE88SOU;24/3/2023
CUST-V1P841I6XRAW;29/3/2020
CUST-SHIW1AGLZAVT;1/3/2023
CUST-S5U10YPGRSB3;8/1/2021
CUST-6Q45DG5G55YB;26/7/2022
CUST-JUPYXGY2QCGV;1/8/2022
CUST-974XNONHT381;19/1/2024
CUST-VE9WUWJYRFN6;29/1/2024
CUST-6V98QA8SY7KU;3/5/2024
CUST-IRZ76812ZFBW;2/1/2023
CUST-BRZ1H1RMPWLP;8/1/2021
CUST-EOCY7X4P8FX0;23/6/2021
CUST-SJD3ZD66XE5W;31/7/2020
CUST-SHJ1ZLY0OA76;13/10/2022
CUST-SYMKNK4EMNZ7;12/2/2021
CUST-62T1ZR2BSAFN;12/7/2023
CUST-6DSFP5B4R0QT;23/1/2020
CUST-R9419V5IAX9O;22/3/2022
CUST-RT8LHFRG9EQP;30/9/2020
CUST-MOZVV06NL2MC;10/9/2022
CUST-9ZH8T0N1X567;14/6/2021
CUST-6L7YA4HNIOZT;1/8/2024
CUST-GHD9CK7ZBDRS;13/9/2023
CUST-5OWCBZ80G07W;28/7/2024
CUST-CZLFU2NV2HIZ;10/10/2021
CUST-70GBMUBOCXOH;5/3/2024
CUST-VJ933CBD8SWD;6/8/2024
CUST-Z4MUF6PNX2J1;28/2/2020
CUST-2RJRFTXCAEDB;28/9/2021
CUST-EQD3GTFWTO75;30/6/2021
CUST-4H4KTPG29SRL;15/9/2021
CUST-E2N3C29WYF31;13/3/2021
CUST-PJ1R0QSS5KC0;2/11/2020
CUST-AV86PDGNBGFC;10/6/2024
CUST-MNX9RFYJUKOD;9/8/2022
CUST-AN2K3QA67NXX;16/3/2022
CUST-GRG5YQ1YH5GH;23/10/2023
CUST-RSIUJEED2AXI;23/3/2023
CUST-BUG2OCF99IAP;11/2/2020
CUST-8UFWPFV8WO9L;28/11/2023
CUST-9DQQ2CUFTU8Z;16/12/2021
CUST-9DWUHFKQBS1I;10/10/2020
CUST-FYSDKMUYKI2N;9/5/2020
CUST-OMII1FLK2QVL;23/5/2021
CUST-FT8HF8Q9H5L3;5/9/2023
CUST-KSN8Y9ISSSPJ;25/9/2020
CUST-M010CX4XN9Z3;5/2/2023
CUST-50T915RN81RS;9/1/2021
CUST-FVQHE9KGSAI5;5/12/2023
CUST-X3QXBGQOZM5J;14/3/2020
CUST-DR93FZWO63GT;20/6/2021
CUST-469OJOKUSOFG;14/7/2024
CUST-QIF7RDR4QL43;19/2/2024
CUST-FR320HQQLYOK;11/7/2021
CUST-84BUWCZVQXWL;7/7/2020
CUST-EN9YVBHZ5J06;20/7/2022
CUST-QVSTOI7DC7TG;24/6/2021
CUST-GH9IN59NE51P;7/11/2022
CUST-8EGET4KUNEPV;8/2/2023
CUST-DQGKCXZD09N5;5/8/2023
CUST-RA174UEISQEJ;21/1/2024
CUST-VXNW8WA6TGO8;20/11/2021
CUST-DQUA2BUVCXUD;28/6/2023
CUST-4AG0Q6OLZ06H;16/11/2023
CUST-E7V2GNXX5LMK;14/5/2020
CUST-7VJ66RXT8936;3/11/2023
CUST-S5O3GTFAT8UL;26/1/2023
CUST-ZCHZKZPNL2GD;28/5/2021
CUST-YVDLQ06O13J1;17/3/2022
CUST-7OLAB75JEHAH;1/12/2023
CUST-VNQ6BRRHOR5D;25/9/2021
CUST-XBBSY2G58UAP;18/2/2021
CUST-I91P7TURJYH5;21/11/2022
CUST-BIVVP3DIQ5LQ;24/1/2023
CUST-3FU77BQNGJGZ;1/10/2022
CUST-41KBUPLSSLUH;15/1/2020
CUST-QC716P4MHF62;12/2/2023
CUST-W5DXI8FQTZGH;10/12/2022
CUST-PXWTM6AASM34;19/10/2021
CUST-ETZEMUI57XRO;28/10/2020
CUST-LNTO896ADS5U;3/3/2022
CUST-ZZGXQ2ATTLTY;22/6/2020
CUST-JXSA5GGTISV2;1/7/2023
CUST-GGV8UP2RMKGY;22/9/2022
CUST-5YKH8MVUP3G9;18/5/2023
CUST-VA82Z5574P51;18/2/2022
CUST-PCOVJ7F345C7;15/3/2023
CUST-RWF7PC0QQ4U6;25/2/2020
CUST-WMVH06JHL1KW;22/12/2020
CUST-18BVR6X2SPFU;23/5/2021
CUST-0NKM1APIWOJ4;17/5/2024
CUST-7QK9Z2HAPLFJ;1/11/2022
CUST-BELINI0CDKYH;7/5/2024
CUST-R562DO69W8IA;27/7/2022
CUST-02ZNX84YQ324;6/4/2024
CUST-TRT5QNCUW04Z;28/4/2021
CUST-BKQNNITS8ENO;17/7/2020
CUST-Y1HB75L5YSG1;22/5/2024
CUST-R4KBMMSIPFNX;20/5/2023
CUST-10567VHR46D0;25/9/2020
CUST-9V1KGZ96Z2P0;26/12/2023
CUST-I08EJQXANR3Q;7/7/2020
CUST-I6G1ZRUZHY9G;1/5/2020
CUST-S4IWXJP4BYXH;20/2/2023
CUST-R5ZECUQVV6IH;21/9/2021
CUST-KINJPHONA5N9;1/8/2022
CUST-UB9065RIZ7L2;26/2/2021
CUST-S9ZQHGLF8WLY;22/5/2024
CUST-YOGDEY06WCPS;23/7/2023
CUST-Z39E25S7PA10;4/12/2020
CUST-GIRYZXM8N95Z;13/6/2020
CUST-30B5B8UCLU8W;15/12/2022
CUST-VA52MUUBHYAO;14/5/2023
CUST-EUMWHWWZAGQW;4/1/2024
CUST-ZYG2IAXKKVIN;28/2/2024
CUST-MU649W8IFUBX;15/11/2021
CUST-NXFYCND6FKEK;16/3/2022
CUST-1WCDCGHR2V51;10/6/2024
CUST-H7W2X6YYP2K5;16/1/2024
CUST-OKR9KOVZVGZ0;17/7/2020
CUST-65UCT9L6C5UW;14/3/2023
CUST-VPMJMCMV2PPB;23/11/2020
CUST-MMHMVQ9IMPS1;24/8/2020
CUST-66JKCDMIQEVW;30/1/2024
CUST-JVUXXWIHOG7I;7/5/2023
CUST-3I27X2NEU2KF;16/2/2023
CUST-OR8D8W3CN1Z5;6/6/2024
CUST-YYH31OB3ZFR9;10/1/2021
CUST-ZWF1SESWWR1H;17/1/2022
CUST-4R0X5VWVS56H;5/5/2020
CUST-HEBUXYQSFU66;26/6/2020
CUST-7FP9XUCYC16Z;5/10/2021
CUST-DSXXRFM0ZHWR;28/5/2021
CUST-G5GQKK56389W;22/2/2023
CUST-M7VE5U6JYI84;31/10/2022
CUST-ICN2RDLHH416;4/7/2021
CUST-LXSKFJRYUO1E;23/4/2022
CUST-6CEJYDEA2R2D;14/8/2024
CUST-W38NUYN1CRIX;27/9/2022
CUST-OL8XKVXZ9HK6;1/11/2021
CUST-OMQ2VF5XAZ3C;22/6/2024
CUST-9CBO0S1R1FAA;27/10/2021
CUST-OSZ2RT12S4AL;20/5/2021
CUST-2J4XVG4BOLRE;20/12/2022
CUST-JSS8FRVY8E0V;17/3/2021
CUST-BL8BH61EOZPB;1/1/2022
CUST-GATSZT1XIE8Z;21/1/2024
CUST-XO4FRHD6Z5RN;8/3/2024
CUST-RKA428XDYMMY;8/10/2023
CUST-HTD8DY0GUN02;8/11/2020
CUST-536Z147QA74U;30/4/2020
CUST-3NVGW07V4LPI;5/9/2021
CUST-844EN10QV3JA;14/3/2020
CUST-O4I6VQBTVQDY;14/7/2024
CUST-L3F3P0D4X4IG;2/9/2020
CUST-OPJHO45OROPD;29/8/2020
CUST-DFLLJJYIXDAD;1/8/2024
CUST-ROKY1GY8LMWA;21/7/2023
CUST-3SO3UHUN1GDS;2/8/2020
CUST-EO3442JUPZJ6;10/9/2022
CUST-S67G92UN2IT2;22/7/2020
CUST-9DQ504BBUTYA;7/3/2023
CUST-PA67EIKXR9KE;12/7/2022
CUST-TP8Q71Y8RHC7;11/9/2020
CUST-ZUIG5V2MIB1Q;19/8/2022
CUST-FYOW6A6EM902;27/7/2023
CUST-2KRLI44GFAZ1;4/8/2022
CUST-GBGCKFAKP6K9;26/9/2021
CUST-QV718IC5V26H;6/8/2021
CUST-0WEF507VPJHK;25/2/2020
CUST-BH5W7T8BLYFP;11/10/2022
CUST-K64S7IRYDFYR;3/9/2022
CUST-V6YMDXRN6Y76;2/9/2021
CUST-1YH7SM1RECLV;19/3/2020
CUST-XLJXYWBN1CCG;13/11/2020
CUST-H9KPRWV2W93K;6/2/2023
CUST-74R1RLDJ6OG1;29/11/2020
CUST-BEWM7KXGQDBT;4/2/2024
CUST-MYHTI8PE3FRR;14/6/2024
CUST-GKUXWDM9VMKT;15/5/2022
CUST-9GJLCVRE5YN4;4/8/2024
CUST-K2AG94T55GHS;2/2/2021
CUST-7482KMR4BLKF;1/2/2021
CUST-4O8RE2FJNFB1;3/5/2022
CUST-O3JLCM5WI49U;5/6/2022
CUST-3SQIQ379DSE3;28/6/2020
CUST-KWEGX6A31JRP;13/7/2020
CUST-UO7FQQHXHKWB;22/8/2023
CUST-FW5BZF7I06NA;19/10/2023
CUST-SSKXLAL2R94V;23/7/2020
CUST-1CUSV2AGR8NZ;30/4/2022
CUST-Q16N4NDL3DDL;23/7/2020
CUST-MICQVK8E1VX9;2/2/2023
CUST-Z1ZNYDOJ6OKZ;4/10/2022
CUST-KRNRIJCVQF3E;27/6/2024
CUST-7HLSF7YBZBQV;12/9/2023
CUST-5FN1NMHWJSJH;5/8/2023
CUST-885DPO54IGCD;27/9/2020
CUST-RYA17C97NCD6;20/3/2020
CUST-E8P28N9IL7QF;28/1/2022
CUST-VN6LZF6KH5K1;10/4/2024
CUST-0FPP1I686UPV;12/5/2024
CUST-9IXJP7YRITWD;15/6/2024
CUST-H915YW2Q24N5;21/6/2023
CUST-CI7BHDO0NTQQ;21/7/2020
CUST-8IMGC5DBG2IF;10/1/2021
CUST-JGSFEDWU4B8G;27/10/2023
CUST-ZZFE8KS5ST6D;9/4/2023
CUST-LN4GA0PN28JB;19/5/2020
CUST-60ZZDO25M4RT;8/12/2023
CUST-ZIB38IIMA4OW;4/9/2021
CUST-HMX9VG6WRHIV;23/12/2021
CUST-OZ9LJ04OW0ON;22/9/2023
CUST-MG0N90Q35KGB;4/2/2022
CUST-5WSZJEE23AK7;7/8/2020
CUST-LGJRVOX8CGHQ;25/1/2024
CUST-HOMCPQNJBLKX;12/2/2023
CUST-ECRGR2TMXYV5;3/6/2022
CUST-X471Y9FW8XO3;12/1/2020
CUST-D8MDPA1BBAGM;16/1/2023
CUST-FC7D0O63XC8I;4/11/2022
CUST-9LDCWN4JUD13;17/5/2020
CUST-36SEEJQHVSYO;18/3/2023
CUST-1EZ95BGXTAO2;10/5/2024
CUST-JVYY8X387IQC;8/12/2021
CUST-Z1UKPEQ0YNTZ;10/10/2021
CUST-WX5K09PS7IPH;16/4/2022
CUST-B275JB8LIXH0;1/6/2023
CUST-5RKPUMY769ZU;13/2/2023
CUST-1623QM5SK9W4;28/7/2022
CUST-PU0DR09274HV;2/6/2022
CUST-XIX2JWTJBNR1;22/1/2020
CUST-JJI59LI8TMS9;22/3/2023
CUST-O1I6QNAHHQ23;1/5/2024
CUST-5J801BPTBH8J;2/7/2024
CUST-QAEC5HFM5AM3;11/7/2023
CUST-ZF64B5V8PDZJ;17/11/2022
CUST-X0N26NQIXL7N;25/5/2023
CUST-KXR5H7GZK74T;23/4/2024
CUST-ABFXIQHYHJO8;25/2/2023
CUST-36ZHJN41RZC3;1/7/2020
CUST-VP4GMR4OO0NI;17/1/2020
CUST-Y1TX2C6PIAFG;14/12/2020
CUST-NQ57NJB9BID0;29/10/2023
CUST-XDZHLXX0YZ14;3/6/2020
CUST-O4KNZWZSHMJI;5/11/2023
CUST-XSSXLHUOG1R2;21/2/2024
CUST-928JK0WRBOWC;13/1/2022
CUST-BEOUB6Y7X218;24/11/2023
CUST-CEXZ2ESTQHGT;21/7/2020
CUST-9W90JNND0JX2;17/7/2023
CUST-KIIX12RDBTAG;1/12/2021
CUST-KGH4RUNI2A5Y;7/10/2023
CUST-K4KBZJPW6CB8;6/8/2020
CUST-O6YQ0N63DITK;17/12/2023
CUST-DJZJZ3KQG8MM;11/9/2022
CUST-L9WJ5CGH9H5I;16/7/2020
CUST-J47RPTN0J8HG;30/11/2022
CUST-PDM6R07UOX0X;29/8/2020
CUST-K1LVL76UJXXU;1/4/2023
CUST-8D8R9GXAGZU3;15/4/2020
CUST-3F9PSZEH2QER;30/5/2022
CUST-TZU60YGM3YZN;20/3/2023
CUST-UNVA062LBHJZ;11/7/2021
CUST-U0D4QBD6F6O6;11/9/2023
CUST-AL55MG1XA1GQ;24/5/2023
CUST-O97XBI8TFJGP;5/7/2023
CUST-5TZ4HZRQIHIH;30/6/2021
CUST-DB332LMHP7TW;26/6/2020
CUST-SE6FEHT7LFEL;18/2/2023
CUST-EFXFU11EBNIM;28/4/2021
CUST-T9VEJPG9E345;17/2/2023
CUST-PST656WXS8EA;23/5/2024
CUST-FK9LOMI0JMYS;13/8/2021
CUST-O4OVN2B0WEAV;31/3/2022
CUST-K3SI21QQSOCF;8/8/2021
CUST-K6JTIYNZGZ7J;6/1/2022
CUST-YMOPEGHQAXBO;5/6/2023
CUST-T99Y6CTW58DV;20/4/2021
CUST-4053RHKTV456;31/3/2020
CUST-DY645ES8AESE;29/8/2023
CUST-V0XCFPRYMUXP;24/11/2021
CUST-PSX7PAY45NXY;16/9/2020
CUST-P5OYK4JYJF4R;28/3/2024
CUST-4PN4J4ZXO4BL;16/12/2020
CUST-FHUHNXQVP4WH;31/5/2022
CUST-WF1QXN2T7C0R;17/6/2022
CUST-UNMD6VAWRCHX;20/9/2020
CUST-WMPIAP388HEA;5/7/2020
CUST-4IZIXDNWQRMG;31/5/2021
CUST-X33DAUQWP6TK;24/8/2023
CUST-B5I38KXH9V39;21/11/2023
CUST-K6R0JAPP85CM;19/2/2022
CUST-3TKO7GTMLPN8;25/6/2024
CUST-JXYR3S1H7FOH;19/1/2023
CUST-46IJDL3WFIH7;21/12/2020
CUST-A9AN6ORON7AQ;2/3/2021
CUST-0ZSRYUNNM9FI;21/2/2022
CUST-0PZHL1VRGWJB;28/12/2021
CUST-ATIQ9T3IV5ZH;21/4/2022
CUST-153ZID4DH9GC;1/11/2022
CUST-G66RH31ANMNE;20/2/2024
CUST-NFPP95T7MVR5;7/1/2021
CUST-J211SPM2YV1G;20/10/2022
CUST-KEESFY6GBT2S;15/7/2021
CUST-5MARTQUCLNWJ;19/2/2024
CUST-P1TMR07NW9FQ;15/11/2023
CUST-QIHRCSUGLOKO;2/7/2023
CUST-ED1KQUW44BQX;14/8/2024
CUST-FFSV9LRN6OTB;1/4/2024
CUST-6QONJ2YPP4GA;28/12/2021
CUST-WE87YL9K1AZO;22/11/2022
CUST-TZ16XIDYFUKX;17/2/2021
CUST-4163BOHQQW38;20/4/2022
CUST-OZA9EJYFNRM9;16/7/2020
CUST-M32ZUCPOUFQL;22/4/2020
CUST-P9DWNQ4FS3ON;16/4/2020
CUST-4KUFZ0T18YAJ;7/7/2020
CUST-276K49BKUTS0;17/7/2024
CUST-DU2L70OFT3AF;14/10/2020
CUST-7Q7JVYYH94JH;29/3/2020
CUST-8KMWTB2DSDXT;27/3/2023
CUST-VJ6FCQXK9CW2;8/6/2023
CUST-IKJ4UIIFGVCU;7/1/2020
CUST-R73BGR7BTP8E;27/11/2021
CUST-WSG7V25IC0S8;3/6/2020
CUST-3RSP29HOIA35;24/10/2021
CUST-NYLYCELMP6FI;22/2/2023
CUST-PO4AT7RK9YCI;18/6/2020
CUST-5BXB81FBWYIQ;9/7/2022
CUST-VZJAGHT2A6Y3;17/10/2022
CUST-GSW6EWCEVP5X;27/4/2023
CUST-7VTKUCOL6YI4;4/1/2024
CUST-ADITFGOYYSPL;29/11/2020
CUST-NXZ9K8W18FGH;15/1/2022
CUST-C7JH0D0Q1XKH;29/8/2023
CUST-07TYWJZY6ONN;5/12/2022
CUST-0VIBX33ZAAD9;7/8/2023
CUST-PJ2QXGZWMBJP;27/9/2023
CUST-TUD0B68G5FWF;16/7/2024
CUST-KB8PN19VR601;5/11/2021
CUST-FU5LG70DQX4T;23/7/2022
CUST-6PHAZO91QO9S;2/5/2020
CUST-IDYKERKBEHAY;7/6/2022
CUST-LAUV6ESQ7ZCI;7/4/2023
CUST-8MS3K6CG5W1E;23/11/2023
CUST-VOZKBNSYNQGS;3/7/2024
CUST-GFI5N9DTJ2JU;10/5/2023
CUST-3IRLGKE1JDTY;3/8/2024
CUST-6I94SKJYAO2G;24/6/2024
CUST-5IJJWH64R0OK;21/9/2022
CUST-A3VE7O7VYYBK;3/6/2020
CUST-29WJ4YGLK86L;20/7/2021
CUST-80IL6CAWYBFG;28/8/2020
CUST-9F2UJFH7J26N;6/8/2022
CUST-MCT9WM2QHMYH;13/8/2023
CUST-XBNNR28504BY;17/5/2023
CUST-RAS3WC7CE119;18/3/2024
CUST-6ELU2LORSINF;6/9/2022
CUST-YBLUL55XKR7B;17/5/2024
CUST-LRPI8AE0AT47;9/6/2022
CUST-XPXSFRUPX51A;3/4/2023
CUST-9WM83101QDTI;27/11/2021
CUST-3YU49JQ312SV;26/11/2023
CUST-F3G6UJYC783Z;27/10/2023
CUST-5F6H6I00DBES;30/8/2023
CUST-PS2R0R3NYYHP;18/4/2024
CUST-T3JKCPCOYODG;9/6/2021
CUST-LST2J0NG2R5A;8/1/2021
CUST-V0Q7K58D2RRP;3/4/2023
CUST-1ML831QZUVI4;28/2/2023
CUST-W1MHD3DOOG6P;23/11/2023
CUST-85LCV6G09EBS;4/11/2020
CUST-W3664I8ZSDTX;26/6/2022
CUST-BK9MFQS0MNOK;26/11/2023
CUST-UUES3EVMXZ6T;15/5/2021
CUST-8XL096OHEO3G;2/6/2024
CUST-2NQR4XJXFKX4;22/5/2024
CUST-8SAIK5Z3D6D9;14/4/2024
CUST-S8SO6QBZVNJ9;9/2/2024
CUST-1L614W9205NO;1/1/2021
CUST-HJAT843X3ER0;19/1/2022
CUST-9BP7NF56VEIT;25/10/2022
CUST-WI9WKS8OTSKC;7/7/2021
CUST-V2WMFLHAW9DW;18/9/2021
CUST-ZHMUN0RKWWSZ;11/3/2024
CUST-OUGQ0XTMS5T8;27/8/2022
CUST-QKWVZCKVOJT2;28/9/2020
CUST-UDIQFXHXPSDB;22/6/2024
CUST-T53J1ZO83IQO;26/4/2022
CUST-HV7YQQGG8TK3;25/6/2020
CUST-PYR37JN7XLHY;16/4/2023
CUST-1VUJ1RGLS0MX;21/1/2023
CUST-HBIFK65DBK19;26/5/2022
CUST-GJ3KMYIPMQGH;19/5/2023
CUST-4K5IKB43APYP;2/9/2022
CUST-7ZLVGAOHQFX4;26/9/2021
CUST-ZAT8FU1RHVIS;19/4/2024
CUST-V27A1LAPQT74;7/6/2024
CUST-9UO97XU73MQV;12/8/2024
CUST-C7UCYBO28BLF;15/8/2023
CUST-1EF3KKZIWNXF;29/3/2024
CUST-1V61RDBQPJ2Y;19/4/2021
CUST-EOOSH48416MN;26/8/2022
CUST-UP441X1S26T5;29/1/2023
CUST-AJYRJ4P4QNPE;8/10/2020
CUST-1FWF3KG5GTUO;25/6/2024
CUST-9ZUE1F4SMC8X;4/10/2023
CUST-QBACW9YNWP81;30/6/2023
CUST-06H2XFYJTAGG;29/3/2023
CUST-B3IJ1F1YHIK3;28/5/2020
CUST-DLJ6CW3QNDN9;23/12/2022
CUST-KC079E7XEL1R;13/2/2023
CUST-2BD80AH5J2R2;20/4/2023
CUST-177YX9HVYKKM;15/4/2024
CUST-S41ZJZAN9S4D;9/9/2021
CUST-IRCOBDM2SMDA;23/10/2023
CUST-GY28BQ91XW0Y;8/12/2021
CUST-OUP79OA1RCOS;9/9/2022
CUST-PET6GNCZTWX6;7/5/2021
CUST-ZF3VXD6SR2NV;27/3/2023
CUST-9MR8NY3YGV25;12/12/2023
CUST-1643LVF1SLZM;30/11/2022
CUST-3R247QCO4ZHB;23/10/2020
CUST-GFGVLI6I8XXQ;22/8/2023
CUST-TUA05XXEOY09;25/7/2020
CUST-6150X8XKC2Z4;8/10/2021
CUST-TELCAOFC3TA5;8/12/2022
CUST-ORZBLF2LBYSA;2/10/2023
CUST-WBKXOIIX59SA;26/10/2022
CUST-BJD282ENDEQJ;28/2/2020
CUST-HWW5HB752NWD;10/12/2023
CUST-8K0P4TATG0KI;21/4/2024
CUST-I15MNIA9JN57;31/5/2022
CUST-COMKCI0Z3LKS;27/6/2020
CUST-0UNJE5EOSXVP;12/1/2022
CUST-GAFBU3ZV4WEU;24/10/2021
CUST-QWVZ7N6NRHXZ;23/5/2023
CUST-CNTA50IM2K0Y;2/8/2021
CUST-0HZ4MYGE1TRC;1/8/2023
CUST-6T3JRG25XU18;6/2/2024
CUST-H47C8RX72H7P;26/10/2022
CUST-GW6Y6Q3WU2N4;23/9/2022
CUST-YR26FGDT7OQL;17/5/2022
CUST-IR01DMYY8BL3;18/4/2022
CUST-JCH44JT1W8A1;14/7/2022
CUST-L1Q4VSVUPCUX;2/11/2022
CUST-NHWI0DGNESYI;2/8/2023
CUST-2OZ6JVQYYNL1;16/1/2021
CUST-0EKJ7KWRDC6O;26/4/2021
CUST-PMRPZWJDXRZ2;20/8/2020
CUST-FD76UDCVC1UO;3/9/2023
CUST-O0ZLBRHLY55F;16/7/2022
CUST-QOOTFYHVVU4D;13/8/2023
CUST-XBXWDPTJO6H6;30/3/2022
CUST-09PH1D3UNXXB;3/6/2024
CUST-X1LEF4AWNIWR;19/4/2020
CUST-NM03S3T6T0KX;3/1/2022
CUST-SQNO3YAEZQY8;2/8/2021
CUST-9Z654GD3QN2U;23/6/2021
CUST-0T9PMU5Y4CEG;21/3/2021
CUST-QCL542EZ3OJ9;21/7/2021
CUST-UK04QPB4U85C;23/6/2022
CUST-6Z3EA9O98Q07;8/5/2024
CUST-G58MGLX2VOHD;30/4/2023
CUST-XYIOKWO9TX5F;19/10/2022
CUST-5MP10JSTSIHL;25/6/2020
CUST-XCV222JOPY6X;11/8/2020
CUST-FYJ6T4QEJOF1;27/3/2021
CUST-HT1D1QP43XMY;2/5/2024
CUST-1LPHY8FIJOT2;26/4/2024
CUST-1YZMBBFKV403;9/11/2022
CUST-A94GUXPBBNQF;22/4/2024
CUST-IWBZFZAEKLG4;28/3/2020
CUST-2C2BF4V9FUTI;9/5/2024
CUST-CCLSB6YT40JW;18/10/2023
CUST-YMG565YVL3N1;8/6/2024
CUST-EX22O3AO0GMI;1/8/2023
CUST-3Q42QVBOJMSB;13/8/2021
CUST-XZJXD89JTQIU;22/12/2021
CUST-O6GYZKC6JEX5;19/3/2022
CUST-8CF64SY3CZ9V;17/4/2024
CUST-SWJZIF4ADQK5;9/11/2021
CUST-PXCEPLH5CEEC;13/5/2023
CUST-WMGJQYPM3HIK;4/6/2022
CUST-HDPQNDXQPLIG;29/3/2023
CUST-EENJH2H3D0KD;13/12/2022
CUST-KREZ1HBC3I49;17/1/2022
CUST-YTKIMWFN30VN;1/5/2021
CUST-Y83J382YAIOG;20/3/2020
CUST-OLMM5F6T26FL;22/9/2021
CUST-W6U2D8BAI85N;11/9/2021
CUST-P84DHBR32JHL;30/9/2023
CUST-UBC9XJO9OW77;24/1/2024
CUST-FT1ZPLMXGH2O;22/4/2023
CUST-DBDQX82OR8XX;8/8/2024
CUST-KXVHE28J3YUU;31/12/2022
CUST-EW4WIH1JKFJU;28/11/2020
CUST-RDAGRXDA2I9P;28/8/2020
CUST-0ZISVOGTL1XN;22/9/2023
CUST-M94GFL45JBPX;16/11/2020
CUST-AAJP6S67413E;20/11/2021
CUST-AR1JKOOPQ8PY;17/12/2021
CUST-D4JXIN5BDE77;30/4/2023
CUST-2WOVMVW6H6MX;6/6/2020
CUST-CQ34Z9TIWVAX;12/5/2021
CUST-71OQ9FZYN0RA;13/5/2023
CUST-2ZIFAN87FX0U;24/3/2021
CUST-CG50ID439KWW;6/12/2022
CUST-ZLK746VPDGR8;16/10/2022
CUST-6616EUR0KKVF;13/2/2024
CUST-HR2AEO2N0BWK;3/1/2020
CUST-SSYGRIY26JIT;22/8/2020
CUST-ETYNO7C4O34T;27/2/2024
CUST-GH4OYEYZXLXK;12/10/2023
CUST-E432C9A0OFAC;13/2/2022
CUST-3OT99HACN7WG;24/1/2023
CUST-MMMSW2VZQDHA;16/2/2020
CUST-LTG6X18F7Z4W;16/8/2022
CUST-TMGIJROK2LVN;30/6/2024
CUST-GFHFXID86NKC;26/3/2021
CUST-JU4835K8EFAM;30/4/2023
CUST-CYU5XJX6SCO6;19/6/2024
CUST-3MNAZEFQ6U6U;29/9/2022
CUST-QZ41T0SE6T1D;1/1/2023
CUST-GCFSCBLQQBEK;1/3/2024
CUST-O79I86BPC7E6;11/8/2023
CUST-4TE6L5IO2LFY;21/1/2020
CUST-GHO8V34D1YBZ;19/7/2021
CUST-B5FU5DSQZRO1;22/12/2023
CUST-F8PBIHIN4WEX;4/7/2020
CUST-KXNY843MDFOX;18/9/2020
CUST-WX27XDLL7PK8;5/6/2021
CUST-7IOVRYKFV1L5;24/5/2024
CUST-KL752ENTX6RF;17/1/2021
CUST-0JWO8G3IQM6D;27/7/2021
CUST-D75J7MXVCWER;17/3/2020
CUST-ZKRJLUN8RHVU;11/8/2023
CUST-E8TD28P09POL;13/4/2020
CUST-SZ7DFLHJS39A;30/1/2020
CUST-X8YF3NG75ZKO;21/4/2021
CUST-C2NJ6N593PWT;21/2/2022
CUST-V4T9BZ4ZDQRU;24/4/2021
CUST-CUA37GP8GABQ;12/4/2021
CUST-EF9QR2K612JI;12/4/2022
CUST-MBC46UH0RL07;29/6/2021
CUST-XIN5FJ0D6UQD;14/7/2023
CUST-EUF3U2I7U1HZ;30/3/2022
CUST-WU3I30UI630E;11/7/2023
CUST-OEWC6D7IU1K6;18/8/2022
CUST-8BKUP771QSB2;2/4/2023
CUST-T3BV9U8X3FA7;7/3/2024
CUST-PYU81W42QFKN;19/11/2020
CUST-QS552V3WSSXH;18/2/2020
CUST-8X7ZB31JSR4G;23/2/2023
CUST-PWYAPEB27LYP;30/1/2020
CUST-5PYS5HO1CDS9;12/4/2023
CUST-Z8QOHU25HSGE;22/6/2020
CUST-1YROHOGB93WD;7/5/2022
CUST-K9OZVVUK2HAQ;14/9/2022
CUST-6YVHY6ZHNOZA;26/4/2020
CUST-226JWN3GIYOW;11/10/2023
CUST-YR0KTIV25QCV;5/8/2020
CUST-645O64BK65AU;4/10/2023
CUST-UR09FXZ5D2KR;1/6/2024
CUST-MGED49L1YI6E;6/3/2021
CUST-N6TOIYR1KD2Z;23/6/2021
CUST-XN7ARAA6VBUW;3/1/2021
CUST-1DX04E6M4M4A;30/4/2021
CUST-K7WK9CJAJ9KG;14/7/2024
CUST-KS34663ZSLS3;22/2/2023
CUST-RZFFJV3NOYBW;7/11/2023
CUST-9RI9PE93KLB7;30/10/2020
CUST-SIICVX2MG3Q2;15/2/2022
CUST-Z1NAM9FH7UYN;16/4/2024
CUST-AT38QUTOSRU7;1/8/2022
CUST-U6EBOPW1ALHZ;8/12/2022
CUST-M3OD197URIWM;29/9/2021
CUST-R7E1GIA5B7LV;11/7/2022
CUST-RP9D43BG2Y7T;21/3/2022
CUST-FQJMEKJ8PR28;26/7/2023
CUST-S83WTZQIN2AO;22/2/2021
CUST-AE95VCXYZHN7;25/1/2023
CUST-32OA4QDWVGHZ;9/4/2020
CUST-O63POP73YN3H;30/11/2021
CUST-PE8DHYUTC5MM;1/9/2023
CUST-H2LNY4WEVW6S;20/2/2020
CUST-F7NCMHRMDISF;23/7/2020
CUST-XPFBLPBD6YST;10/8/2020
CUST-1HXLB1F71D2P;28/7/2021
CUST-P3HW4MFRVVDG;21/3/2022
CUST-FU4PSHR4L33A;21/4/2021
CUST-O8U05Z5LZ4ZI;20/2/2022
CUST-5JGUGCXLBCFR;14/8/2024
CUST-NAO49YXNAZIK;18/4/2021
CUST-7YI6E54B3ZNU;23/1/2022
CUST-3S0ZC4ZT711B;11/4/2024
CUST-VKI6X0OWGK8M;20/4/2020
CUST-CZFRTKZ316Z7;18/9/2022
CUST-R71NSJM8AYEX;18/5/2020
CUST-RKJ856RIT3PH;3/4/2024
CUST-0FKO23NSFG51;3/12/2020
CUST-ST03LMH21OKQ;9/6/2020
CUST-WKP317E2W6PN;6/12/2020
CUST-PIWMPRMZNUR3;9/4/2022
CUST-ZDJVEZ81C0OI;10/9/2020
CUST-6AQU1Q0EZR0K;12/4/2020
CUST-CEW25RD9HZX2;10/11/2021
CUST-SNB147ETKTMT;12/3/2021
CUST-43KT6TRKT7DO;11/12/2023
CUST-G69D3RPLCMOP;20/12/2022
CUST-F3QABGPBEQL1;13/11/2021
CUST-MG8ZE81S45H3;22/7/2021
CUST-CZBFAI16P3RX;27/2/2023
CUST-T1UH8N7E2VI7;1/8/2023
CUST-HGKADQ0XGTXI;7/12/2021
CUST-NL1JAE276OYM;19/9/2022
CUST-JMJ5R89W3437;16/10/2020
CUST-XXZMEWU36RJ3;5/3/2024
CUST-VSFJ3B2CX85Y;20/12/2023
CUST-ONXLZCZVG32R;11/2/2024
CUST-JZPHVFIA0Z89;7/12/2023
CUST-NOE8X8LT2IWH;15/6/2023
CUST-I3MHPVC48DMB;8/1/2024
CUST-5NE8I2GQK470;21/3/2022
CUST-VDPZWKE2DWAD;25/7/2022
CUST-X72AW6JN07ZS;14/8/2024
CUST-BQ7HQBQZPJ6O;20/6/2021
CUST-VLT7RXPAIBZC;15/4/2024
CUST-64T10OF4VYN9;20/1/2021
CUST-5IIAO6MZ6U32;4/6/2022
CUST-I8EA6Z3GQYVH;4/4/2020
CUST-HC2FZUB2OJTF;28/11/2023
CUST-7YXTJLHIBW36;23/3/2021
CUST-K64VEEE0H8YV;2/2/2023
CUST-MO5SU8P0JHDT;9/12/2021
CUST-YUIZRUZQBW92;26/11/2020
CUST-61HIIHRWAG6W;2/4/2021
CUST-IHX9X7GD2FKO;14/6/2024
CUST-CDUYEQEI52QG;22/11/2022
CUST-81MIE3GTE030;11/6/2021
CUST-CHEFCUKS5M0V;31/10/2023
CUST-6NC1IPAYTIQD;13/2/2022
CUST-V8UY45N5LRMY;8/11/2022
CUST-PM5Q7YC5TEW9;29/6/2020
CUST-QSZBIQTKXJ34;7/6/2022
CUST-8AD4YT024UVB;4/11/2020
CUST-DKT72T9DXOI9;15/4/2022
CUST-FMJZQJXKP31J;3/9/2023
CUST-MMOT4DO3ZI20;18/8/2022
CUST-BAGCQTI4BQVK;13/1/2023
CUST-E7OM7ASBBHEN;10/10/2021
CUST-GV7LNT08ZW1T;2/4/2021
CUST-SBU0W4VJCK0W;26/2/2021
CUST-9ZSSXQ17IFOR;29/4/2024
CUST-5JG9TWYVC416;31/10/2021
CUST-Y5PASK3M43ER;9/1/2022
CUST-EIHBFX7FENSC;2/4/2023
CUST-14Y5UAKWCJWD;22/4/2022
CUST-3ARN0NMC8G62;14/1/2021
CUST-KQJKRY2W1WMG;10/12/2021
CUST-18MECSPXX6S0;13/1/2021
CUST-93TQSHZ5D56Z;21/7/2023
CUST-L045R0SIEMO6;12/2/2020
CUST-7I6N7DE0V09D;2/11/2021
CUST-7DHM3JG63LLG;9/3/2021
CUST-4U9WCKUKME6H;5/2/2021
CUST-4MV8EO8COUAM;12/4/2023
CUST-UTRUSR9NPBZC;27/7/2024
CUST-YWUCVZTOVLY4;6/11/2022
CUST-1P65GB9158ZE;13/11/2020
CUST-1DV3456M8IE2;24/1/2020
CUST-6D2I34UEWJ6H;27/10/2021
CUST-ML0LQH40NZRP;22/6/2022
CUST-XM98W512AXIV;22/8/2022
CUST-KU3AZR4F5A5Q;14/2/2023
CUST-GHUURYR8H27Z;24/6/2020
CUST-AOPC4158YH57;20/5/2022
CUST-HINARNEOXK24;22/11/2021
CUST-T9AOVUEU8GT8;2/7/2022
CUST-V37IAU2O4C21;27/5/2024
CUST-S5SUNF7D5W85;7/4/2023
CUST-2CRM9B90RML8;5/12/2020
CUST-IHOM770U7KH8;27/4/2023
CUST-TKRVK7J9HK0K;26/8/2023
CUST-9WS1150RTB34;3/4/2021
CUST-WU2NK4BJONU3;2/8/2022
CUST-N7NE23Y8PK20;10/3/2021
CUST-MPF2H4YP15AJ;21/12/2023
CUST-HEEEXIIPPJQM;22/3/2024
CUST-OL68O7M93R1M;12/2/2021
CUST-XX0TKNS81TQW;26/1/2024
CUST-EENCQQNF2KKI;21/11/2023
CUST-5ILCDPD3297S;26/10/2022
CUST-2UBVCS8HSUV2;31/7/2022
CUST-8O6MK2JUV1SV;28/9/2022
CUST-7OSZJGGCGXU8;13/3/2023
CUST-9LAG8PZSLWS3;28/1/2020
CUST-5610GKIRVO9E;30/12/2020
CUST-2ODXAVG91Y21;25/3/2023
CUST-S9ADP673HCN1;20/9/2021
CUST-ELOKRKQ6RTLR;25/9/2020
CUST-0COFOZHQUGB4;8/6/2023
CUST-6YXQVBEBOFD4;12/2/2021
CUST-85OPGSQDHX2E;11/3/2022
CUST-01R57HMGTQ5H;17/3/2022
CUST-L0RB6LBECKQ9;16/8/2022
CUST-JKBHXF6QIJKT;15/7/2020
CUST-AGRFYYMFKEEX;10/4/2022
CUST-ODYGG231OCGN;5/12/2022
CUST-RZMBGYBRQT3L;15/3/2024
CUST-OMPW6M4TKNHR;9/12/2020
CUST-W870PE4CO2UI;24/4/2021
CUST-7WVFTK9FIQWG;1/11/2022
CUST-YEI7I26KK0E4;17/6/2024
CUST-XNMEYTLEOKQL;20/5/2024
CUST-85Z187EL90R7;3/2/2022
CUST-ZU2AZ7HQ1PAD;25/8/2023
CUST-XHBKHST8C4RU;6/8/2024
CUST-N0DDRCGZHUSM;17/8/2023
CUST-NKECSOFZ4MVJ;17/6/2021
CUST-V1DJZ620U130;7/5/2020
CUST-JA1UZ1T3BENR;27/5/2020
CUST-NBBL8X609ILY;11/5/2023
CUST-IXSAYMMD9HUX;23/11/2023
CUST-H9OH76IEU18E;20/3/2021
CUST-W56CTNZ71F0K;2/5/2024
CUST-MP66W8PGTVFM;22/12/2023
CUST-FZCYLPRY7VXR;13/2/2024
CUST-I7NL8BMTGJY1;14/2/2021
CUST-JV8370WLY6CQ;3/2/2023
CUST-9BDE9VC5R5QF;6/4/2024
CUST-EPSHKGHSVM68;11/11/2020
CUST-MJ27PSVFS53Y;7/12/2020
CUST-AZGG5UOHBASX;2/12/2022
CUST-JWCYZEC6FVYC;26/3/2023
CUST-PFVJOMQKIJT8;15/2/2024
CUST-QAHF4ULIPAOJ;26/5/2023
CUST-VCF624ST2P3P;28/8/2021
CUST-TNND4SAMU9OC;8/3/2022
CUST-DN2QO5DR6NCJ;10/6/2021
CUST-RDX6A2XRZ2T3;17/6/2022
CUST-9GUNMR5CMTWC;25/12/2020
CUST-2SKX5X60PU6L;14/5/2024
CUST-TM8HTMQT0H1T;15/2/2021
CUST-R1T8TJ5RR9QJ;3/6/2020
CUST-AX4NUNF32GAK;24/9/2022
CUST-QLGUE4G24A3Q;23/8/2021
CUST-38O7089V36P8;9/6/2024
CUST-I97LO97WRRIV;4/11/2022
CUST-ZC7D3DS97IH8;10/5/2021
CUST-PMQBOE7L9AR5;12/12/2023
CUST-XYSC5PKWBO9T;25/4/2023
CUST-YMJHZ6VYG1ZF;26/1/2022
CUST-7KVFA13NKF0T;4/3/2024
CUST-ZJRVT91VUT54;13/5/2020
CUST-ZRCE07N00E7S;30/8/2022
CUST-9RX7Q2Z935Z3;8/6/2021
CUST-ILVDJ08GSQII;22/4/2024
CUST-T33OZJJ1JJ96;19/2/2023
CUST-K9770QMDFPVN;31/12/2021
CUST-KYZHZ4V0IUNA;4/4/2021
CUST-4IOQDL01G30G;4/11/2021
CUST-SSCLEP491G5G;15/3/2022
CUST-Z0WB0J6AYKTM;14/8/2024
CUST-DWWLK06QETC5;20/7/2020
CUST-LXWUOZXLP094;31/1/2024
CUST-V9NG1Y48YLRJ;13/5/2023
CUST-PEDPH2RCSGHZ;21/8/2023
CUST-MM3W6BZFPCOR;2/3/2024
CUST-CUIAQS67JXMO;18/5/2024
CUST-JQOJMSSODIZ7;25/2/2020
CUST-GGTVGN9V3JA0;6/9/2023
CUST-ZIIFPMKIT640;21/5/2022
CUST-A26UA0PS2KBD;3/2/2022
CUST-EU7B1Z3KC03M;25/6/2024
CUST-GB8TFAP2ON6G;26/2/2020
CUST-5BF8O792JQ20;24/2/2022
CUST-K4NKKAYE90FN;4/8/2023
CUST-9XGFMDDQT246;14/7/2020
CUST-MMT3QOXH0DSJ;23/1/2024
CUST-B4RTTVFKCEJO;15/2/2024
CUST-F6U0D13NQ95U;9/10/2023
CUST-2LHCRDRIOZF8;18/5/2024
CUST-YLDNVGI2C0GG;5/1/2023
CUST-3VKVD6V75QAP;8/10/2022
CUST-ONESZJCFRP4X;11/1/2020
CUST-M7YCR1HY9KMV;18/5/2024
CUST-JF3JRJ7DP34M;8/2/2021
CUST-TBJB6YNX386K;29/10/2021
CUST-OFT48KLVAORE;1/6/2022
CUST-9SJKHN5RCRYH;21/12/2022
CUST-HLZOU53U47PS;29/10/2023
CUST-F9T258GK0I22;20/11/2020
CUST-RP6I8L1XLFQM;18/11/2022
CUST-UP6CVS81MNJD;8/2/2021
CUST-EW7HLMSA1EZV;1/11/2021
CUST-BPVU6UVCI3XJ;25/3/2021
CUST-G52A820NESS7;27/2/2020
CUST-HGC1E6EEQBFX;25/2/2020
CUST-USJY42IFJTGW;15/1/2022
CUST-L4M8CV9O5V3J;13/3/2022
CUST-4MOBIPZ8E8DY;22/12/2021
CUST-0SIPVAIPXAT6;12/1/2023
CUST-H30MIAHVB852;19/1/2022
CUST-96FQ2N8NNT6P;1/6/2020
CUST-DRDAF2HGSFS2;21/12/2021
CUST-IEQ7M4KOOT3I;1/3/2021
CUST-IFHFJHMIG07M;10/5/2021
CUST-JANUYI8LDTJ7;16/9/2020
CUST-3VZJBZ3S1Y9L;11/8/2022
CUST-HDG0XU4XUIMM;13/3/2020
CUST-SJ6QNGYMZVWG;3/2/2023
CUST-TF7H3J46H51G;29/7/2023
CUST-A2LCJC6IPIAU;26/1/2023
CUST-O5201TR2WI12;4/2/2024
CUST-PH4ZOIODYCRP;4/9/2023
CUST-0ZMJ4S623AFO;23/4/2022
CUST-IILXIDTFE6EA;8/3/2022
CUST-SZHZ8HZ7SCDE;2/6/2020
CUST-NHFX324EEQHR;24/11/2023
CUST-WHA8RTS5KYGR;8/8/2021
CUST-I6WKNTOU1KSC;31/1/2021
CUST-LKOYY6J4WH1R;21/6/2024
CUST-OMH3ULQ2TSFH;17/1/2023
CUST-HO9X9KYLKMME;18/3/2024
CUST-PWLXFL42Y18Z;26/7/2020
CUST-KVD3K2947991;10/7/2022
CUST-QL16SGWJTKTN;6/6/2020
CUST-76NQJW5KHTJ2;26/7/2023
CUST-FOUA3U2T4XAZ;13/5/2021
CUST-QX20WU4HP22T;27/3/2020
CUST-2KOHGEXCDJDB;29/4/2021
CUST-WZHQD336CRJ8;7/5/2022
CUST-0Q6DPH2HT4D4;5/2/2024
CUST-7R1CRC1FM5UR;19/2/2024
CUST-27QBO6CACJUA;26/3/2024
CUST-SF9TCR0G2MRQ;30/8/2022
CUST-MWZ5BPQ62SJL;27/10/2021
CUST-GL79CT1LAW0T;24/5/2023
CUST-AO78AH6KSR59;18/10/2021
CUST-6TWYZCLXB8V6;1/7/2023
CUST-FV5JN7CV1ETV;21/11/2021
CUST-G42Z6WE8QLWJ;17/3/2020
CUST-7HSUEF8CGYBT;11/4/2023
CUST-5JEC97GLSUJQ;8/11/2020
CUST-RBBEGYXAXBOT;16/7/2024
CUST-F6LUMTX6GZE5;8/1/2024
CUST-R6GWT3C4QTK5;8/3/2022
CUST-CZP3OR6QE4MA;17/5/2021
CUST-SZZOS1XL2ZQ0;31/1/2023
CUST-FAYTXPTW6LHQ;4/11/2023
CUST-8KIS5T7OZGB3;1/9/2023
CUST-M96HJQHY1MHI;23/10/2020
CUST-4OQQN2JT50BU;13/5/2020
CUST-A2X07LD11GKK;1/6/2024
CUST-SQLT3SYPVM9O;20/1/2021
CUST-EDVLQX85E3T8;8/11/2021
CUST-U1SD863YGPYF;30/1/2020
CUST-6IDS1NAII41U;22/2/2020
CUST-MI2VJPYFU272;7/2/2020
CUST-OW0B6VYLQATE;25/10/2022
CUST-RVVW9DE88KKY;25/1/2024
CUST-2XILAT99DGOT;18/12/2021
CUST-6PLIRETXRPKA;28/12/2021
CUST-N5ZNGLZDDFRA;9/1/2023
CUST-L2XOGWK5JM8Q;22/11/2021
CUST-1X574YTUMFJY;10/11/2023
CUST-6U48NBGZYNIY;6/2/2023
CUST-IOG9P2WTNC2O;30/9/2021
CUST-T3FMUOESAHY1;13/1/2024
CUST-RE1777W3K1FX;10/3/2021
CUST-J53CUCZ02HKB;15/9/2023
CUST-RHV32JFNNBEN;4/5/2024
CUST-9HK4LQ5Q328Y;24/2/2021
CUST-37V78UNF5TOQ;17/3/2024
CUST-5M8SNCQQM5VN;24/4/2024
CUST-FCWCFWGNNDAN;15/11/2022
CUST-LK1MXTSUAJK4;9/6/2022
CUST-YFUDBGKXZURR;22/8/2022
CUST-89UPPH07LEDY;2/7/2024
CUST-NIAVFL15IF40;26/12/2023
CUST-WU7ZKQJE4L17;28/2/2024
CUST-LMO5CUMX0V1J;29/9/2023
CUST-YWQUMS78CUZ7;16/1/2024
CUST-ULYKUBAZTYU0;2/2/2020
CUST-ZMAOVX8XYGJY;23/8/2020
CUST-L79PPLDBLYX2;27/4/2024
CUST-VNTANNNLFZ1Z;27/2/2020
CUST-S0NF7U7T4CJQ;1/1/2024
CUST-8YNYIAQALRW9;30/6/2022
CUST-UGO97QGV0JQ9;3/9/2021
CUST-0E7OQIQ2RMXT;9/1/2023
CUST-W8TFOJ5PO48E;26/3/2022
CUST-M4KZW3XRNOIN;19/5/2021
CUST-COSY8YDTG421;15/8/2022
CUST-JYTI3TO8UIH1;13/1/2024
CUST-0GHCU2IJ4PWP;17/12/2020
CUST-KHFNVNIJIZKT;24/7/2023
CUST-BV0B3BJMRDHG;31/7/2021
CUST-4KLMGW0XIGDB;18/10/2021
CUST-H3OY7XDTRC6Q;1/4/2022
CUST-XKXJNUN2V27G;15/3/2020
CUST-3LQP0NIWXZ36;23/5/2022
CUST-67VWFPQSFF40;21/5/2022
CUST-88T1IIKIYPJ8;22/6/2022
CUST-DII5QSGI701P;13/12/2021
CUST-YWFOCDVGDJ4L;4/7/2022
CUST-Y48ZR5VXSHLZ;2/5/2022
CUST-O1M1XCAG1R5B;14/11/2021
CUST-T7J2Q4PKCDWZ;6/12/2020
CUST-KSFK8ZZAHCRB;19/2/2020
CUST-9EDIZVSF4E0O;10/6/2020
CUST-9SUVU4ZU7B63;1/12/2023
CUST-F2O00KTD71NR;14/10/2022
CUST-6OKCZ3CJZ5GM;18/12/2020
CUST-EHTH6UQZTKHF;9/7/2024
CUST-2JZAFBOQ0TI3;21/11/2022
CUST-CDCHY9XL5J23;26/12/2021
CUST-UNCUBFAX1KHG;29/5/2021
CUST-9U1X5QU299QH;18/6/2020
CUST-BA6YRP37TZ8E;5/6/2022
CUST-0O2C48EAVD11;16/12/2020
CUST-WY4RZZE139IJ;3/6/2020
CUST-7BU5XL7SKSDG;21/9/2023
CUST-SIPQHWPCMDNW;19/11/2021
CUST-UIJOMTJ4S3KI;8/11/2020
CUST-7RAT06D0TTSB;26/4/2022
CUST-UBO8XC72I5HI;23/10/2022
CUST-JMLJVORIRPR2;20/10/2023
CUST-JJGBLVH21512;9/5/2020
CUST-J6IQ0HYZVX61;28/1/2022
CUST-N5VDILYPJ8SL;25/9/2022
CUST-FB8DQ5Y143WG;11/6/2021
CUST-BLHBVOIUDKU0;14/11/2022
CUST-5TO8FJ9DBWCB;19/5/2021
CUST-NS8JV5HZZSY4;26/5/2020
CUST-UDI77MV5NKDG;12/5/2020
CUST-UJB1MCAET04F;18/7/2024
CUST-SGMTXR58U5TB;28/3/2023
CUST-1XI36NU7VFJ2;21/6/2021
CUST-C1QCO1XBAP2U;14/3/2021
CUST-L65IXUENFS2W;11/4/2020
CUST-Q3S0HT017XIM;19/7/2020
CUST-72VKN4VTQE9T;17/12/2022
CUST-PMGKNLR1ZQ5D;28/8/2020
CUST-QNIEITGWENQN;24/2/2024
CUST-JF4FNZ6KPN4J;8/9/2023
CUST-QIJ4Y62EXTQG;4/8/2022
CUST-2JOKYY52SV7Z;19/7/2024
CUST-NIUB078LFPF8;27/12/2022
CUST-P0BZD2GKD49V;26/6/2021
CUST-I9K3RPTPTD7S;13/7/2024
CUST-VQ0D6NWQJFD3;23/1/2020
CUST-LXDQFV6LOTYE;11/3/2022
CUST-FJ56XDZ8LLZI;30/1/2020
CUST-8VH9C4372JGW;20/3/2024
CUST-U7JJ0LOJSNY9;26/1/2023
CUST-G1SFYW3VLWIG;18/3/2020
CUST-5VDUP9MS791W;26/8/2020
CUST-W4QQYYVTTBK6;11/12/2021
CUST-T1VV27QJ1DWU;31/8/2020
CUST-7NJZEWIPC864;11/6/2021
CUST-K1SI9SWKJ4PV;29/10/2022
CUST-GF8IE71UAB6Y;7/10/2023
CUST-F7AU6NPNSIBM;13/1/2021
CUST-U1MTPDZQ38WS;7/2/2024
CUST-GZDAWLA0O91J;17/9/2021
CUST-8PHNN57JPNUW;9/7/2023
CUST-9Y1AF5K2ZNL4;24/4/2023
CUST-TDHI1VC2D4SH;26/2/2022
CUST-Z4WIR04GGWT6;10/7/2024
CUST-OUNGEI7A1EAL;7/9/2022
CUST-MHBQU3XZ6IQ9;23/3/2021
CUST-0ON1Q5FGLP7J;21/11/2021
CUST-YMICXHXALGZC;6/8/2023
CUST-KY8AQ8H6VR5U;21/3/2020
CUST-Z4MMNWLVJKKV;19/5/2021
CUST-2F2VY0XFDP0T;21/7/2021
CUST-SYS2V9ZTGICU;22/3/2023
CUST-NQAB4T4UDZ3X;1/11/2021
CUST-O53370TVTGKE;29/8/2023
CUST-9NDSOMBS8ZMQ;27/12/2020
CUST-PT2NXSELQPSV;19/12/2020
CUST-VAMO12BZ3Q23;24/4/2024
CUST-6I3LXU6ETJ2L;13/4/2021
CUST-QP6PKZIN0BGY;22/4/2021
CUST-V5KUXNJDXTUR;8/10/2021
CUST-JAU1MBQGKSKI;18/7/2021
CUST-YBEX6YZC9F50;15/10/2021
CUST-3ZKLR8JTGDB6;29/10/2023
CUST-54LWS25Y31WR;4/2/2023
CUST-2LC6T8DGHFMQ;8/12/2020
CUST-4Z5PWGP7Z6IX;19/3/2023
CUST-DGYK34JNII6L;31/12/2020
CUST-0RFOLJOUIWM4;1/11/2020
CUST-9JF3YEMOQ7WD;15/2/2022
CUST-0P2819PJWZ10;17/12/2022
CUST-5CDXK9JPGZJ6;24/10/2020
CUST-T8FEM914JBT9;5/4/2024
CUST-Q9NEI99IPV4J;1/6/2020
CUST-75GFKLFOFV3I;16/6/2023
CUST-VR9O54A46EVF;1/1/2023
CUST-1I4A12SVPP3Z;28/9/2022
CUST-4URWCCD4TGSS;7/4/2023
CUST-WQIIC4MVL6KH;30/5/2020
CUST-IVI7LELOKN5Q;12/8/2021
CUST-1P5W1EDPW55S;12/6/2023
CUST-KUUK0I3G9L2I;4/5/2020
CUST-BI790IT0VQN8;29/7/2020
CUST-PFUSLUOIOPP2;1/6/2021
CUST-D19DDCDE72I4;19/11/2023
CUST-Y2F9Q5DOOII6;26/10/2021
CUST-8C2XEA68FYGL;25/9/2022
CUST-N5UMDLFEHBCS;19/4/2024
CUST-AM0P4EZ4DTOX;12/5/2023
CUST-4424JN7M0AP9;16/5/2024
CUST-OJ3PRL8RQEPL;12/1/2021
CUST-M2OIIX9EFQ2S;4/3/2022
CUST-UX1QVX763ACH;27/2/2020
CUST-FO11T0WFF161;6/5/2024
CUST-JLSOJCGMBUJ6;21/3/2021
CUST-CSODPC79JVEO;20/7/2021
CUST-5KMA1V4P6MIS;31/1/2020
CUST-KYPNVVJN7QQ9;28/7/2024
CUST-DNXUNP67MWVL;19/7/2024
CUST-W4I4JPVAU4GH;4/3/2021
CUST-95TSV9S8RT30;20/2/2023
CUST-2UF90OAHORIC;20/8/2020
CUST-OUE8XSY4P1J5;22/10/2023
CUST-PUBH92IJVBLY;14/11/2023
CUST-K5S1WOQXJGIP;29/8/2023
CUST-WZV1EXIYVKAO;8/4/2020
CUST-QQKQHRLKRICE;6/5/2021
CUST-1PXIKYLABIIL;19/8/2021
CUST-145RNRCXI9AU;23/11/2023
CUST-0WVTF1Z3AY1W;13/11/2023
CUST-MK583DO3396M;2/7/2021
CUST-TKEW677Q4YOL;30/4/2020
CUST-95G2OLVP1STO;24/3/2024
CUST-HI9GJLZ4EUJU;12/7/2021
CUST-2L9NQ83CCRXW;14/1/2022
CUST-6IVUZJKTXVRG;30/3/2024
CUST-G0CVS4FK6910;28/1/2022
CUST-E0UXM54KT1YC;5/5/2023
CUST-5R8WNIKSFRGB;16/6/2022
CUST-ZVX4J3TGJ7Z2;10/6/2024
CUST-16XUQREYSY41;24/7/2022
CUST-HMJ3754ZFAHF;13/9/2020
CUST-NTZP6KL93AFQ;13/11/2022
CUST-CIN4RCW68HO9;18/6/2021
CUST-LOK8H88LKWZ0;21/7/2021
CUST-4G7GPDCWO60F;17/5/2024
CUST-PNB67X54QUVH;5/11/2021
CUST-WGU5EQQ0S7SJ;1/1/2020
CUST-TSL6QPDEXQ1K;22/9/2020
CUST-VMYA2QE3TT5W;14/11/2023
CUST-ZHNGHYF8PXPA;5/12/2020
CUST-D89XRD22I1PA;25/11/2022
CUST-9XG3QLDLKXSP;20/4/2021
CUST-TNBXB2ACGL97;18/11/2021
CUST-Q17ABF59617M;2/5/2020
CUST-2A7AAHGJESJJ;31/10/2021
CUST-BT7CMBN2HOWI;26/10/2021
CUST-YD9J6QBHZAL9;5/6/2021
CUST-H1K9FRL9ZBIF;12/10/2023
CUST-IOW39CAYMIG1;18/9/2023
CUST-QOV0C3JN0K6U;2/12/2023
CUST-18LIONWBFIGA;14/5/2021
CUST-BFFZE0CEWTHK;20/7/2024
CUST-5ONN1SZP687C;16/6/2021
CUST-VCZPFIAPLJFC;18/12/2023
CUST-00UDDMXO8TU3;10/12/2020
CUST-EFGUYRNG5RW5;24/7/2020
CUST-QA5POLQW65BL;5/11/2023
CUST-LIT7VDN52HTL;9/6/2024
CUST-L7D5P8MTT2Q7;27/8/2022
CUST-V9KUDVQ77YJC;22/4/2024
CUST-DKZ7TPJFYV9H;26/4/2023
CUST-CWCAM1Y9I82G;18/5/2024
CUST-V69C4I0715M5;20/3/2023
CUST-4KTXTV5DV4D6;10/10/2021
CUST-A2UDXR3WFU9V;14/12/2023
CUST-MPDN45QKBN1Y;19/9/2021
CUST-RV6TGSXY3JZW;16/12/2023
CUST-GVMLTBLXQJEP;30/6/2021
CUST-W4S8VDB2H9KI;23/1/2021
CUST-T8OT9UV9QHUA;25/9/2021
CUST-XLFWU2WU77LL;16/10/2020
CUST-HWCGOCHH83Y0;2/4/2021
CUST-9VEU1KS3K26S;26/6/2024
CUST-557XHMY632II;27/9/2023
CUST-DW7KMFUMEISY;9/4/2020
CUST-Q8N2W52DO0MV;18/11/2020
CUST-0XOQ525BDF92;21/7/2022
CUST-LC7QN1FXEO5B;9/7/2022
CUST-NJXUKOTROCM7;15/2/2023
CUST-SRNUODZTKNTM;4/2/2020
CUST-X1DXT84XIDUR;1/10/2020
CUST-JYDAWU02SYLN;29/8/2023
CUST-OYXWADC8SUD0;9/3/2022
CUST-AVYU89LB0SBM;8/3/2021
CUST-2B9QS1SR05BJ;14/6/2024
CUST-XIKKN5WYEHMI;22/1/2023
CUST-EL8OPA7I13PJ;25/2/2024
CUST-GXHZ06NMG8Q9;8/11/2023
CUST-99B8Q0SVYXJ7;14/8/2024
CUST-JEHT9DR90RYG;8/4/2022
CUST-50FLE9ZRY1S4;26/4/2021
CUST-7I1ILC07EL3L;20/4/2021
CUST-MUDBD0D21DNL;31/7/2023
CUST-5LD7FN0J3T8Z;3/6/2021
CUST-VGR42ORECT97;18/7/2023
CUST-1I4BHY59QT04;21/8/2020
CUST-4Q09HYO2V3WP;1/11/2021
CUST-8SECZI9PNGV4;4/6/2024
CUST-7K8TZP20NOAY;6/5/2022
CUST-AT5DKB4HSBKN;28/5/2022
CUST-3NNFIP0OZKGV;18/3/2020
CUST-RTOUXJLARMAM;13/12/2021
CUST-B0T6XST4DGFE;8/5/2020
CUST-4QLE3PWK0UF0;9/8/2023
CUST-HW4SLMSYSFOU;14/9/2020
CUST-E1BQK03GM844;9/7/2023
CUST-3B5Q4ON1VFTT;22/3/2021
CUST-8377QZBFI90V;25/2/2023
CUST-9KEL1ICEQU2F;8/1/2022
CUST-VX0HJS4JU77I;12/12/2022
CUST-BWAWQ1B23L8P;17/2/2021
CUST-4EKIPIA88A66;21/3/2022
CUST-8JOC91ZTQPER;12/8/2023
CUST-Z5L47J05H9TD;6/1/2024
CUST-16YTH5LYIW6A;21/4/2022
CUST-2RNE6ZE2QTK3;31/10/2020
CUST-H3VE7T23GKIG;24/9/2022
CUST-WJR0BN60K01R;17/4/2022
CUST-7KYLJ2E16EX8;6/10/2021
CUST-105LL768VD4T;23/12/2021
CUST-H17K6W7ZSKGI;22/6/2020
CUST-I1WCV0XSA2LB;26/3/2021
CUST-715P1Z141UAQ;18/6/2023
CUST-I6KWQC7OZWWF;27/5/2024
CUST-KCGORZ1A8AHH;4/3/2021
CUST-XMCXOQ3PXZMW;7/2/2021
CUST-KVIEEIECFZCB;17/8/2023
CUST-TSCC5T8Z83WR;1/1/2022
CUST-VU6Z6IU1KA08;31/12/2022
CUST-267PKRF9XP6X;25/11/2021
CUST-BXWNI7ADXPKY;1/7/2021
CUST-Y18YWAYKVDMF;28/3/2021
CUST-630VAS7GJ3FX;22/11/2023
CUST-4B76OE4B3XWI;14/8/2020
CUST-S2P5KJFBCTVW;26/9/2022
CUST-NLOFRX69FH3L;7/9/2022
CUST-B87FWJY8ZK85;16/3/2023
CUST-SWO20LJBY75A;28/10/2023
CUST-BCTSWKRX1FD4;16/12/2020
CUST-OYIOPOTLH7KB;5/12/2021
CUST-WDEQQZFB82HT;21/8/2020
CUST-GKPBWWCI4S4F;22/2/2023
CUST-FJLA72TO2R4L;30/7/2020
CUST-G9L689A77EJG;25/3/2021
CUST-B1S8D21UQVZS;5/1/2020
CUST-Y9MQQBQ6YSFJ;14/8/2024
CUST-ZWGL694O49AC;22/12/2021
CUST-PDHQF6YE9PXB;30/7/2023
CUST-TGVGX63H4B0V;19/8/2022
CUST-9OOY4D7C5KE8;29/12/2022
CUST-X8E5L21JVYNH;17/9/2022
CUST-5AP4MQGSCJQK;27/4/2022
CUST-9ZTBG79IA6AJ;1/11/2023
CUST-LHE68KG8D5IF;23/3/2020
CUST-5QSZGQ8YEH9R;25/1/2024
CUST-BZO70AU0DXE8;21/2/2022
CUST-PYLBV6HMVO8S;15/4/2020
CUST-2UGQKHC77W5U;26/1/2022
CUST-06UHBCDBKI58;23/5/2020
CUST-Q1ITX3E62P49;4/5/2024
CUST-ULA4GDE47QUC;9/11/2022
CUST-PYPWVAFWQZRX;11/10/2023
CUST-PN0UHPA1UY28;31/3/2020
CUST-Z0XMQP5HU0YV;25/7/2022
CUST-S1CSXD0MRVX1;18/5/2024
CUST-5KO5LWUOF5AE;1/5/2022
CUST-SEMO5IIJEQ1S;9/6/2021
CUST-31M88A497FZ3;14/6/2022
CUST-SVB1GGDIAE1V;8/12/2022
CUST-H5YFCMX0V3P4;21/6/2024
CUST-HHY4LHEJ59X2;25/8/2021
CUST-SZMJWVIXVJF1;21/9/2023
CUST-L8IKHOJ01SVK;4/5/2020
CUST-BPRMAQ2HVFWW;14/8/2020
CUST-LP4T4Z6NLLTQ;11/7/2021
CUST-BMSO9BOUBOM6;18/12/2020
CUST-3HPW80HCPK92;11/10/2022
CUST-EWKVE3P89OIE;11/8/2024
CUST-OPATLFKFK0DO;22/8/2020
CUST-E6T6EGH07GMY;11/5/2022
CUST-KXORKO46EF6B;17/2/2024
CUST-P0RM53Y7M4L1;28/3/2023
CUST-RSRFR8RQ75OS;2/2/2024
CUST-BPGLNFDMW4RV;8/9/2021
CUST-UBGH91VJBJ19;9/9/2023
CUST-R8NEEKUF0ESX;12/12/2021
CUST-5PJUH6CDWVH4;10/4/2022
CUST-LUGKHZ801XRU;7/6/2020
CUST-Y7CP1VSAD808;28/4/2020
CUST-EKA438WE0E51;18/8/2023
CUST-RSBKLFNPH2MJ;11/3/2022
CUST-K2J305G4HN2H;13/1/2021
CUST-3BN0O04Y5ANL;1/12/2023
CUST-M8JQN23KLIMH;31/7/2022
CUST-TBHCCFLB040Z;3/6/2023
CUST-DT2G0V4BV7I1;12/2/2022
CUST-4EDAYXAWZIUW;24/1/2021
CUST-Z5VL2A414Y5R;31/1/2024
CUST-9F3TH8IUK5I5;28/8/2020
CUST-RSFMVF0PRDAA;2/6/2021
CUST-HEYUOQ8Z5XM1;3/6/2023
CUST-T0X7R5T7OFVT;2/4/2023
CUST-78QUPU8QD7QH;15/2/2021
CUST-PRCV3W7HXV7J;6/2/2021
CUST-51F2CM6IGGQZ;15/11/2020
CUST-QOQQ8ZO1ZX43;19/7/2021
CUST-VALOY18DPZQC;19/3/2023
CUST-T4K368QSJ3GZ;4/3/2020
CUST-UH31KHV0BUH3;9/11/2020
CUST-JU7R4UIR6ER7;25/10/2022
CUST-P9QI1QEC02VR;17/9/2022
CUST-UL9344EYUDA0;9/4/2020
CUST-6U8XHL8Z5L2S;29/1/2023
CUST-ECRE2NK55VIE;25/5/2022
CUST-L9MQL42PGUSR;30/10/2022
CUST-VKDJ1FMF7ABA;28/4/2024
CUST-F3KZAUWCVZBI;14/1/2024
CUST-ECGC7GUOLKD1;27/6/2022
CUST-1UVIVRWN3ORJ;2/1/2022
CUST-3J7FY95WLGW3;17/6/2023
CUST-ZWHAYZ6ECD9Z;6/2/2024
CUST-9LV9WK8NWPNC;12/2/2022
CUST-KNFW7QFWHNZP;18/4/2023
CUST-3TGRM1BIZKF8;23/10/2021
CUST-CWTJ0WN2OTII;21/6/2023
CUST-MNNP0VP9X9UU;20/11/2022
CUST-XOXG44JNV4E6;18/10/2020
CUST-VWZG0F2ANVTZ;25/6/2020
CUST-3HZ1RMQP3TFF;3/2/2024
CUST-F555M4U50I0G;15/7/2021
CUST-HT02C02BJIGY;4/8/2023
CUST-TWOF4TUN41SH;19/3/2023
CUST-9NF0PE8I6SXL;18/10/2022
CUST-O8R35SR9T3L5;22/9/2021
CUST-8QAIFYXXHIK7;27/1/2022
CUST-EZ8VY2XIMYES;9/3/2021
CUST-Z8EPSC843CNY;10/1/2022
CUST-UN1079XWI3N2;18/2/2020
CUST-IJI7BQAONUY2;8/9/2020
CUST-ANJGBCIOTZC9;5/7/2021
CUST-FRO484KCAO91;21/1/2021
CUST-XYB4OT1VPVRQ;1/4/2022
CUST-FMB50OWVAURB;28/7/2021
CUST-QCFFQ6B7DWOG;27/7/2023
CUST-GM6VBAYAB8SF;20/5/2020
CUST-JUWT13VL3VQF;3/12/2021
CUST-5EZ08FKFEH9P;21/8/2020
CUST-I8X5X72VD72O;8/10/2022
CUST-0WEU5HABQE6R;2/7/2020
CUST-NODYD8XANQ7X;26/7/2022
CUST-YDM1C0OCGZUT;10/9/2021
CUST-4ZOXVXV6S5TD;21/6/2021
CUST-IYXDMN7Q11O4;27/5/2024
CUST-SSNCL5IL84YM;23/10/2020
CUST-1XIVW2JJXFZF;31/10/2020
CUST-0XPQY0ZGC4ZK;27/3/2020
CUST-VBZ2CGT32QB0;17/10/2022
CUST-1QI7DRFDMJ23;30/6/2023
CUST-U2ZDCL8KO7NZ;10/2/2023
CUST-LPXLN6LY84L6;22/5/2021
CUST-PDLWBUM5C6NB;15/3/2020
CUST-Q080QWSZARPH;8/5/2024
CUST-BRDIUKUNCDIX;13/8/2023
CUST-OKN0M2RJUXJ4;23/7/2024
CUST-WHOFX196HQP6;17/1/2020
CUST-GBJYWMSGAFCZ;26/3/2023
CUST-0SRO1DI81B4U;23/10/2022
CUST-EGQ447AHW2QQ;21/8/2022
CUST-AABUO48KX3NO;5/10/2022
CUST-OXD2U6MMLDKE;31/7/2020
CUST-ZCYGVSJRJ0HW;17/2/2020
CUST-MOW8U9L752J8;4/1/2022
CUST-0GNUWDVN57Y0;9/2/2024
CUST-4YML3KJUDWUK;15/2/2024
CUST-JHSV3NXWCA5J;2/5/2021
CUST-7UBWPYD9DH1Z;9/12/2020
CUST-MCO8247PFKMW;13/3/2022
CUST-NYX112ITZKAP;26/5/2020
CUST-66QKHFHYY2QX;27/3/2021
CUST-OBNWVBJHWC2A;12/6/2023
CUST-2XLSORH31TZX;31/3/2023
CUST-9WTYBZ97H9IL;10/4/2021
CUST-1OYBSXTOER1X;15/11/2023
CUST-9UHA1CLHCC87;16/3/2021
CUST-GZ7F0HSZLV34;18/5/2021
CUST-G46SQQR717LZ;15/4/2020
CUST-F6TIGKY2H6WR;2/11/2023
CUST-2ZRYLY7EJ5K4;19/12/2020
CUST-KZM28WJXZBY2;21/2/2024
CUST-B4ZG6LJEDIF5;8/2/2022
CUST-5HNPI5E2PHZ6;6/3/2020
CUST-M1ZM4ZUGGVQ1;21/1/2024
CUST-NG8D9FFL0M1G;21/5/2024
CUST-EWXB20UTZI0M;6/9/2022
CUST-KSFXTBW9GLTC;8/7/2022
CUST-YU1WKOUKNZDG;15/3/2020
CUST-MLJLG2O1MD00;13/9/2021
CUST-X9BPT6XM7FLB;17/2/2023
CUST-84AAPVN2SVR4;24/11/2023
CUST-N3FHWRHSX64Z;8/5/2022
CUST-5FUSWWVFIXDE;6/8/2020
CUST-6HR8UN4AGS6L;11/5/2020
CUST-B4XSZRIEIK4Z;17/4/2023
CUST-TWVLDW5W0030;25/12/2020
CUST-HO6NGC9KVJVU;11/10/2022
CUST-G4QRO9UDF7JE;1/2/2021
CUST-8J6ZGWDB3YG1;16/4/2020
CUST-D0P0VB3VG7G6;29/4/2022
CUST-KOWACXVDEHH3;6/11/2022
CUST-E34VEIR4GC3U;18/3/2020
CUST-R7XZ7PCE7D9P;24/7/2023
CUST-26T84FOYIGGM;25/12/2020
CUST-OW439DHHUDOQ;30/10/2021
CUST-OBNR9LRXT4EZ;29/3/2021
CUST-3K66CV0OHH7Q;8/2/2021
CUST-EF6LEE9YP7OF;1/2/2021
CUST-J83IMFPOHNLK;3/7/2023
CUST-QO8YJ636BMKS;13/8/2023
CUST-HOKOYGZPO4RP;3/9/2020
CUST-5EVOG9USACGJ;18/2/2022
CUST-VX0VVW5UUXMW;21/5/2020
CUST-BGMKBC8RPBNZ;15/11/2020
CUST-ZK1EFPKVKT73;10/11/2020
CUST-L7KKK2IYSNTB;19/12/2022
CUST-TMD3OCVKDZUP;2/2/2022
CUST-OEPXR1Z7PMFL;19/3/2022
CUST-OJBUM5MRORQF;29/1/2023
CUST-L2XUXYMDPEWJ;2/7/2023
CUST-WEHQX3B461AF;26/9/2021
CUST-C5ICFWY7EXI4;15/2/2024
CUST-RSN3KJNE2QBV;5/5/2022
CUST-DQLVK0IW7BXK;29/11/2021
CUST-QKHUYW35UEN3;10/12/2021
CUST-CN627UY4RDBF;29/4/2021
CUST-WTYYBTAKDS0B;5/8/2021
CUST-5VUODIA54F9G;3/1/2023
CUST-ALUO6GMM8EIQ;30/6/2022
CUST-L2ST2JHI7K9O;16/8/2022
CUST-G899O5PCHEPJ;5/1/2020
CUST-O0MQIZ2G1VTM;20/4/2024
CUST-PH8BFCHIGL60;21/5/2024
CUST-3SGIC5UBE8RH;28/3/2021
CUST-4AOKJ23APZZ6;17/5/2023
CUST-1Z8U1IYX32NU;27/12/2022
CUST-IUXVVX6WVQK2;16/2/2021
CUST-V73RCZ67AA4T;7/2/2021
CUST-1BT8PSH9UQD5;14/1/2022
CUST-D8IOFHVUFX3Y;22/4/2020
CUST-NG8VBS6L21GL;22/7/2023
CUST-1UH2P8YV304N;25/11/2021
CUST-N2COTTMBBIKQ;19/3/2022
CUST-CG23SXJDRNYR;21/12/2021
CUST-4SG1L6OVE09W;1/5/2023
CUST-R12I0KSAOIVB;25/5/2022
CUST-D523Y2EF8GMI;31/1/2020
CUST-DFLPASVNJS5K;27/3/2021
CUST-853HMDKWSX8Y;9/8/2022
CUST-AX5QPS1DLAKS;24/9/2020
CUST-LDTNLBJTV3PN;29/9/2021
CUST-CLFQU7WN71CQ;12/10/2021
CUST-WCB0YXI1L71H;28/5/2021
CUST-7NROQ65V3YAY;17/11/2021
CUST-AX4C1UQR1M37;15/2/2023
CUST-SEYSXROIO1PZ;5/7/2022
CUST-PD1NP7O5I3DY;19/8/2021
CUST-SGVC2ZF3BGOW;6/9/2023
CUST-C89VJ4MBNPI2;20/5/2021
CUST-DA6FL9VQ2SFH;23/4/2020
CUST-I748P44RCYV2;29/3/2023
CUST-KUNSRMS9OTHC;18/7/2020
CUST-KGJ94CWEYE4B;19/4/2021
CUST-XN844ZWFIJAB;18/2/2020
CUST-7WAMOE5MZR4Q;27/7/2023
CUST-M345YIVLJK94;28/7/2020
CUST-4156OAAI6FZD;19/8/2023
