id_employe;employe;prenom;nom;date_debut;hash_mdp;mail
6fa61d0ecae0b563fef18d36b2039c8e;lmaret;Laure;Maret;43961;0373c45921fbaa7530f34b39e71ba93c;lmaret@supersmartmarket.fr
37c6a856b2e14217855d808fbc8e56a7;cvérany;Christian;Vérany;43894;3e7956190015a301924fb6d7409665a6;cvérany@supersmartmarket.fr
4853b03deab973a1a8e466025bce5b52;sdeslys;Solène;Deslys;44882;45154756438492cd025e3e000781e200;sdeslys@supersmartmarket.fr
e44eabec860498a79e675200bc8fa455;acoquelin;Amand;Coquelin;44380;d0575b3bf61100514cedb05d87a9b689;acoquelin@supersmartmarket.fr
fa836e3f5faf72d24e079235332169ce;egrosjean;Emmanuel;Grosjean;45192;3a366362e4c0016df16dbd2cfb6c7e2a;egrosjean@supersmartmarket.fr
6d0cd9c04db768e471c92be478c88a32;spélissier;Sacha;Pélissier;44773;78ab12541e5b0c3b4c92401d8e5f7f65;spélissier@supersmartmarket.fr
528c733809cb51a3634befb260b5d243;adutertre;Abelin;Dutertre;44987;89bea06439e25b44e7f193b0a8164be1;adutertre@supersmartmarket.fr
1c1d83678cc463b52366dae07cd14c8a;pange;Pierre;Ange;44318;1d2a533a143ca1bcc05d9bcf7cbfee2a;pange@supersmartmarket.fr
8d1001fbad3d2a60ff7530600ed5d55e;cdelisle;Charlène;Delisle;44167;f83e64ed05e311ca7ee91cca115ff149;cdelisle@supersmartmarket.fr
c12bfad8c0daead5bc1055c814069fe7;adonnet;Anne;Donnet;43907;35c4194fc240a8301442bd04ee6cfd41;adonnet@supersmartmarket.fr
a7e6deb00de876cafcf64809cd659d0c;dcourtet;Damien;Courtet;44788;a2e3dbcb4add4b64026f58dac4c06dc6;dcourtet@supersmartmarket.fr
f6cd8ba3485769b3ad9bab5b7725858e;vbaume;Victoria;Baume;44289;6bb307c83cff05fd4d72d5ef4de69687;vbaume@supersmartmarket.fr
f21c1650dd9340170266d47ec34eb6e8;dcazenave;Dimitri;Cazenave;44477;c5226429605b991889fd4a0bc4964e14;dcazenave@supersmartmarket.fr
78524bb1fe1d5078c33113ddc6ca8f7b;nfrère;Nathan;Frère;44496;a9ee258930bb932284f21838d02f45de;nfrère@supersmartmarket.fr
af969b090723911e6fd12c8da3b714ad;uchevalier;Ugo;Chevalier;45477;e1875c0e69047612fe4561dc66883056;uchevalier@supersmartmarket.fr
ddd71713c762283afb67295522774546;amarchal;Aimée;Marchal;44258;9c9ea7b0af74bd4cdac5d834620796f4;amarchal@supersmartmarket.fr
b5a8777821fdab1a20a4bc0e5f98dfa0;npicard;Nassima;Picard;44051;51898c947db3c5e044a770491bbe873c;npicard@supersmartmarket.fr
2477db17c02f512ebc4b20f01a7edb55;adufresne;Auriane;Dufresne;45132;5dbfc532b865ba8308efab9811edb94a;adufresne@supersmartmarket.fr
0859b70a9ca905a870bfccc5f8440ba1;pbeaumont;Pierre;Beaumont;44759;e1d0bf041cc19505fea71c40e783e621;pbeaumont@supersmartmarket.fr
07c8b678f8e6f0cb04480ef9ebba10ce;jbeauvau;Jean-Marc;Beauvau;44327;37216ae1be4022eb03f8544763b81f38;jbeauvau@supersmartmarket.fr
afb0ad3a096ceea09662ee8692cd5711;abesson;Ambre;Besson;44642;9bfd0b4fdf0c288f84628f24b8b0aa61;abesson@supersmartmarket.fr
89a9efaded9823c38bfd5f70d24e364f;ggranet;Gabrielle;Granet;44315;adce452cf49425dd22970143223399c1;ggranet@supersmartmarket.fr
6bf2742d580924ae05128018a3026aa4;cmorin;Clara;Morin;44483;4426ae7f8b51e52b390a43fa963e9348;cmorin@supersmartmarket.fr
c4f0909120cfde7086a3c1a56e96a015;prodier;Patricia;Rodier;44216;a28b795757fabc44034b8421f3cc7eda;prodier@supersmartmarket.fr
8f01946521386e040e94d44bbd945671;sgrosjean;Sarah;Grosjean;44038;ca75053c81e070441a9557748292d4e3;sgrosjean@supersmartmarket.fr
b413ca065a762e8cf2e86cfea8b9c174;rbechard;Robin;Bechard;44420;a2b127ab4a1f9e738226486723d63d08;rbechard@supersmartmarket.fr
c495d16c3108a11ac8318269a85e9706;éblanchard;Émilienne;Blanchard;43972;27a063671fb3b40a9e6d756aa64d001e;éblanchard@supersmartmarket.fr
342281771d02d2096972e38e78e7d6bd;sgiraud;Sabine;Giraud;44936;91aac241ecb8fccca3a8d8ae3a2f0c19;sgiraud@supersmartmarket.fr
d0921ae8a5b09f5d33e7c405943625d7;lboissonade;Liliane;Boissonade;44595;5b296249e25d5a536bc66acbddd051bb;lboissonade@supersmartmarket.fr
3084187cfabdb2a7de260f4387241ccc;cgachet;Claudine;Gachet;45128;ffe2885d828d42dfa3c8c6ca9fdca196;cgachet@supersmartmarket.fr
23e50fd96a8129e057a79ba0d5575c93;jcourbet;Joseph;Courbet;44623;94aebeea0e6e7b08adb71a193c841188;jcourbet@supersmartmarket.fr
38680e129f45c49322cb12303b7fb655;vjacquier;Vincent;Jacquier;44946;2c24fadd4f48e701901815b66e981220;vjacquier@supersmartmarket.fr
a7ada0770091e838e3dcd45265282820;tarsenault;Tristan;Arsenault;44572;d1e92dd4cab332874e3cb9ace1ea55cd;tarsenault@supersmartmarket.fr
4efc10ff0f86c772d9949b490eb99ad3;iescoffier;Isaïe;Escoffier;44554;757a50f03a6fbdca97638368885c44a7;iescoffier@supersmartmarket.fr
0bedce9aff7fb350ccb27055265c3cd1;elussier;Eugénie;Lussier;44188;f73e57a85f3b53beef289f1723b44675;elussier@supersmartmarket.fr
3a0271d540734228c98bcfc2fafe8277;abruneau;Axelle;Bruneau;44753;c992a1bc01d5dd1fca480c50a8c0de93;abruneau@supersmartmarket.fr
951e47dfa4c5298382d1b7d750b0b6a2;sjacquet;Solange;Jacquet;44999;2a778214c269695f9b0b72c303332f32;sjacquet@supersmartmarket.fr
e2107857114936ec4800f52684dee59f;mrochefort;Maïté;Rochefort;43889;28b1deb78dbb3435d836e87e88cb24e5;mrochefort@supersmartmarket.fr
43710c31fab3c974c906d48477bd4a83;vgenet;Victoria;Genet;45262;46daf1fb6bf3736cab81576b7fb70eeb;vgenet@supersmartmarket.fr
9bc5a4ce59447208da2fb2912c4fbff7;ébissonnette;Éva;Bissonnette;44634;1cb6f8668dae19c5b0d236740297f681;ébissonnette@supersmartmarket.fr
91db02c3032e5a9fcfc581422c44398a;lrochefort;Lydie;Rochefort;44589;7bbcdda3629465fd19350642aa20afd6;lrochefort@supersmartmarket.fr
f491076a1ff2d873ebea809c11144542;aboulet;Adélie;Boulet;45244;75dcd4d5691873c25842d8bf0594ecb1;aboulet@supersmartmarket.fr
0cb5ad89e8ae7afefa9c17277062db16;gbonhomme;Gwendoline;Bonhomme;44671;1f2ba7022cc4c04e1b770aec3ccd870d;gbonhomme@supersmartmarket.fr
6c1c3292c852c6c593b95cc146b00c0e;pmanoury;Pierre;Manoury;44103;78544b7ba8062bacd24256a03c966db2;pmanoury@supersmartmarket.fr
578b43483938010803dcdf457753d923;rrémy;Radegonde;Rémy;44080;7ea2563beddec13f81c57693182560e5;rrémy@supersmartmarket.fr
658e6925c1774feb2781a2888c9d4202;bcazal;Bruno;Cazal;44060;b868fff1fd1cf51a0d3b93aa8aa1b336;bcazal@supersmartmarket.fr
9f29007d63c46217deeb64efc81eba9e;jauch;Jean-Jacques;Auch;43911;75e868942488ee46d819d546de0300b3;jauch@supersmartmarket.fr
e01e752175e05f00c8314ccb8da4c418;ejacquier;Eugène;Jacquier;43994;ab7e0de6983a17e6687199e0e19dc833;ejacquier@supersmartmarket.fr
c36c4a024dd3bbe72042482e25923378;jleloup;Jérémy;Leloup;44823;447facfce717654e8e43008fdfa8e410;jleloup@supersmartmarket.fr
ccebbeb4d1c9ccf593c4308cef110237;ygrinda;Yves;Grinda;44699;fc87f9503a673e99f79f951e6cee504d;ygrinda@supersmartmarket.fr
72ea514d4be3237b8a5786a3bb77759c;avannier;Adeline;Vannier;44177;866e035e0b03c4dba6232f7d0ed42a68;avannier@supersmartmarket.fr
f93c7cff0b2eeb5ff91eba8606f78297;bboutroux;Benjamin;Boutroux;43907;11f58061b3c20a560dc2855f903b2db9;bboutroux@supersmartmarket.fr
a0c9a3c869310ffbf3eb6ac24b9a19be;jvasseur;Jérémy;Vasseur;45264;419fdb955682765dcd7996343b308c16;jvasseur@supersmartmarket.fr
faa8bfc560cae9451761b38ff37e6ee9;mpoincaré;Marie-Claire;Poincaré;45199;1eb6e1ab62b534b95a13bb2d8aa2df82;mpoincaré@supersmartmarket.fr
803d880af14752773f6225d55f3bc5b4;svalluy;Solange;Valluy;45043;37cab74ecb6c002d7b6037aaa99d5ba0;svalluy@supersmartmarket.fr
dd595f0f0b3400df2908f0be7723dad4;alièvremont;Arnaud;Lièvremont;43994;65abf5411105422d6eb1354ac226a600;alièvremont@supersmartmarket.fr
