id_user;date;action;table_insert;id_ligne;champs;detail
08c8b678f8e6f0caz05880ef4ebba10az;45518;UPDATE;Employé;f6cd8ba3485769b3ad9bab5b7725858e;hash_mdp;a5b1d0e2f3456789cdef1234abcd5678
08c8b678f8e6f0caz05880ef4ebba10az;45518;UPDATE;Employé;0859b70a9ca905a870bfccc5f8440ba1;hash_mdp;b2c3d4e5f6789abcde012345f9a8b7c6
08c8b678f8e6f0caz05880ef4ebba10az;45518;UPDATE;Employé;07c8b678f8e6f0cb04480ef9ebba10ce;hash_mdp;e9f8d7c6b5a4e3d2c1f098765432abcd
08c8b678f8e6f0caz05880ef4ebba10az;45518;UPDATE;Employé;342281771d02d2096972e38e78e7d6bd;hash_mdp;f4e3d2c1b0987a65cdef1234a5b67890
08c8b678f8e6f0caz05880ef4ebba10az;45518;UPDATE;Employé;a7ada0770091e838e3dcd45265282820;hash_mdp;c2d3e4f56789a0b1cdef123456789abc
08c8b678f8e6f0caz05880ef4ebba10az;45518;UPDATE;Employé;3a0271d540734228c98bcfc2fafe8277;hash_mdp;b7a8c9d0e1f23456789abcd0123456ef
08c8b678f8e6f0caz05880ef4ebba10az;45518;UPDATE;Employé;9f29007d63c46217deeb64efc81eba9e;hash_mdp;e2f3a4c5d6b7890ab1234cdef56789a0
08c8b678f8e6f0caz05880ef4ebba10az;45518;DELETE;Employé;c3d4e5f6789a0b1c2def3456789abcde1;;
08c8b678f8e6f0caz05880ef4ebba10az;45518;DELETE;Employé;f6e7d8c9b0a1e2d3f456789abc1234567;;
