,id_user,date,action,table_insert,id_ligne,champs,detail
20,08c8b678f8e6f0caz05880ef4ebba10az,2024-08-14,UPDATE,Produits,8855635668141,prix,2.54
21,08c8b678f8e6f0caz05880ef4ebba10az,2024-08-14,UPDATE,Produits,2417137162257,prix,2.08
22,08c8b678f8e6f0caz05880ef4ebba10az,2024-08-14,UPDATE,Produits,3190630177348,prix,1.89
23,08c8b678f8e6f0caz05880ef4ebba10az,2024-08-14,UPDATE,Produits,526744548452,prix,2.49
24,08c8b678f8e6f0caz05880ef4ebba10az,2024-08-14,UPDATE,Produits,7411694986259,prix,3.95
25,08c8b678f8e6f0caz05880ef4ebba10az,2024-08-14,UPDATE,Produits,4229189386176,prix,2.72
26,08c8b678f8e6f0caz05880ef4ebba10az,2024-08-14,UPDATE,Produits,4992934879906,prix,3.83
27,08c8b678f8e6f0caz05880ef4ebba10az,2024-08-14,UPDATE,Produits,5703530830641,prix,3.02
28,08c8b678f8e6f0caz05880ef4ebba10az,2024-08-14,UPDATE,Produits,2135686767630,prix,3.52
29,08c8b678f8e6f0caz05880ef4ebba10az,2024-08-14,UPDATE,Produits,7030397691971,prix,2.87
30,08c8b678f8e6f0caz05880ef4ebba10az,2024-08-14,UPDATE,Produits,8746874669490,prix,2.45
31,08c8b678f8e6f0caz05880ef4ebba10az,2024-08-14,UPDATE,Produits,8866891905673,prix,1.47
32,08c8b678f8e6f0caz05880ef4ebba10az,2024-08-14,UPDATE,Produits,9326425019666,prix,1.95
33,08c8b678f8e6f0caz05880ef4ebba10az,2024-08-14,UPDATE,Produits,8822998030978,prix,9.39
34,08c8b678f8e6f0caz05880ef4ebba10az,2024-08-14,UPDATE,Produits,2038477850150,prix,4.07
35,08c8b678f8e6f0caz05880ef4ebba10az,2024-08-14,UPDATE,Produits,8934396548263,prix,3.11
36,08c8b678f8e6f0caz05880ef4ebba10az,2024-08-14,UPDATE,Produits,9387784092713,prix,1.08
37,08c8b678f8e6f0caz05880ef4ebba10az,2024-08-14,UPDATE,Produits,3476864826086,prix,2.63
38,08c8b678f8e6f0caz05880ef4ebba10az,2024-08-14,UPDATE,Produits,8572516724558,prix,7.41
39,08c8b678f8e6f0caz05880ef4ebba10az,2024-08-14,UPDATE,Produits,8355410454356,prix,8.55
40,08c8b678f8e6f0caz05880ef4ebba10az,2024-08-14,UPDATE,Produits,2999630314057,prix,6.09
41,08c8b678f8e6f0caz05880ef4ebba10az,2024-08-14,UPDATE,Produits,4944138464943,prix,2.85
42,08c8b678f8e6f0caz05880ef4ebba10az,2024-08-14,UPDATE,Produits,943801598639,prix,1.97
43,08c8b678f8e6f0caz05880ef4ebba10az,2024-08-14,UPDATE,Produits,3462409569968,prix,2.08
44,08c8b678f8e6f0caz05880ef4ebba10az,2024-08-14,UPDATE,Produits,2726101129498,prix,2.82
45,08c8b678f8e6f0caz05880ef4ebba10az,2024-08-14,UPDATE,Produits,7019262234505,prix,2.17
46,08c8b678f8e6f0caz05880ef4ebba10az,2024-08-14,UPDATE,Produits,4608556074706,prix,1.49
47,08c8b678f8e6f0caz05880ef4ebba10az,2024-08-14,UPDATE,Produits,8670734942001,prix,1.39
48,08c8b678f8e6f0caz05880ef4ebba10az,2024-08-14,UPDATE,Produits,196315457476,prix,2.18
49,08c8b678f8e6f0caz05880ef4ebba10az,2024-08-14,UPDATE,Produits,8151080581314,prix,0.78
50,08c8b678f8e6f0caz05880ef4ebba10az,2024-08-14,UPDATE,Produits,3843983239647,prix,3.74
51,08c8b678f8e6f0caz05880ef4ebba10az,2024-08-14,UPDATE,Produits,8614282943122,prix,1.75
52,08c8b678f8e6f0caz05880ef4ebba10az,2024-08-14,UPDATE,Produits,3965113245924,prix,1.26
53,08c8b678f8e6f0caz05880ef4ebba10az,2024-08-14,UPDATE,Produits,4753474280927,prix,1.66
54,08c8b678f8e6f0caz05880ef4ebba10az,2024-08-14,UPDATE,Produits,2112076487303,prix,4.03
55,08c8b678f8e6f0caz05880ef4ebba10az,2024-08-14,UPDATE,Produits,1702217830446,prix,1.38
56,08c8b678f8e6f0caz05880ef4ebba10az,2024-08-14,UPDATE,Produits,6114620815912,prix,0.91
57,08c8b678f8e6f0caz05880ef4ebba10az,2024-08-14,UPDATE,Produits,3583727247175,prix,3.08
58,08c8b678f8e6f0caz05880ef4ebba10az,2024-08-14,UPDATE,Produits,2172565336157,prix,1.91
59,08c8b678f8e6f0caz05880ef4ebba10az,2024-08-14,UPDATE,Produits,8031862005282,prix,2.73
60,08c8b678f8e6f0caz05880ef4ebba10az,2024-08-14,UPDATE,Produits,9835037010746,prix,4.07
61,08c8b678f8e6f0caz05880ef4ebba10az,2024-08-14,UPDATE,Produits,5037010640126,prix,3.01
62,08c8b678f8e6f0caz05880ef4ebba10az,2024-08-14,UPDATE,Produits,4710095286075,prix,3.49
63,08c8b678f8e6f0caz05880ef4ebba10az,2024-08-14,UPDATE,Produits,5873267188370,prix,5.83
64,08c8b678f8e6f0caz05880ef4ebba10az,2024-08-14,UPDATE,Produits,8938497572541,prix,10.08
65,08c8b678f8e6f0caz05880ef4ebba10az,2024-08-14,UPDATE,Produits,928887125863,prix,2.92
66,08c8b678f8e6f0caz05880ef4ebba10az,2024-08-14,UPDATE,Produits,163779171545,prix,3.67
67,08c8b678f8e6f0caz05880ef4ebba10az,2024-08-14,UPDATE,Produits,9030797851548,prix,2.33
68,08c8b678f8e6f0caz05880ef4ebba10az,2024-08-14,UPDATE,Produits,8622081780103,prix,3.64
69,08c8b678f8e6f0caz05880ef4ebba10az,2024-08-14,UPDATE,Produits,8727240214001,prix,1.87
70,08c8b678f8e6f0caz05880ef4ebba10az,2024-08-14,UPDATE,Produits,9647414712830,prix,2.99
71,08c8b678f8e6f0caz05880ef4ebba10az,2024-08-14,UPDATE,Produits,5766286026749,prix,2.38
72,08c8b678f8e6f0caz05880ef4ebba10az,2024-08-14,UPDATE,Produits,6456231658004,prix,2.27
73,08c8b678f8e6f0caz05880ef4ebba10az,2024-08-14,UPDATE,Produits,2470580398620,prix,5.32
74,08c8b678f8e6f0caz05880ef4ebba10az,2024-08-14,UPDATE,Produits,6639390318185,prix,3.37
75,08c8b678f8e6f0caz05880ef4ebba10az,2024-08-14,UPDATE,Produits,2222840925103,prix,5.22
76,08c8b678f8e6f0caz05880ef4ebba10az,2024-08-14,UPDATE,Produits,7201698958250,prix,3.56
77,08c8b678f8e6f0caz05880ef4ebba10az,2024-08-14,UPDATE,Produits,9447864711670,prix,2.51
78,08c8b678f8e6f0caz05880ef4ebba10az,2024-08-14,UPDATE,Produits,8225393397211,prix,3.48
79,08c8b678f8e6f0caz05880ef4ebba10az,2024-08-14,UPDATE,Produits,1151932088782,prix,5.89
80,08c8b678f8e6f0caz05880ef4ebba10az,2024-08-14,UPDATE,Produits,8068809914843,prix,2.84
81,08c8b678f8e6f0caz05880ef4ebba10az,2024-08-14,UPDATE,Produits,8930586063459,prix,4.38
82,08c8b678f8e6f0caz05880ef4ebba10az,2024-08-14,UPDATE,Produits,8016656533575,prix,3.83
83,08c8b678f8e6f0caz05880ef4ebba10az,2024-08-14,UPDATE,Produits,1737339574828,prix,3.02
84,08c8b678f8e6f0caz05880ef4ebba10az,2024-08-14,UPDATE,Produits,4213161783727,prix,3.18
85,08c8b678f8e6f0caz05880ef4ebba10az,2024-08-14,UPDATE,Produits,5493772114801,prix,6.63
86,08c8b678f8e6f0caz05880ef4ebba10az,2024-08-14,UPDATE,Produits,5865386111379,prix,3.64
87,08c8b678f8e6f0caz05880ef4ebba10az,2024-08-14,UPDATE,Produits,9291887880209,prix,4.19
88,08c8b678f8e6f0caz05880ef4ebba10az,2024-08-14,UPDATE,Produits,1097936640835,prix,2.85
89,08c8b678f8e6f0caz05880ef4ebba10az,2024-08-14,UPDATE,Produits,5245694676301,prix,3.53
90,08c8b678f8e6f0caz05880ef4ebba10az,2024-08-14,UPDATE,Produits,9400020890533,prix,10.08
91,08c8b678f8e6f0caz05880ef4ebba10az,2024-08-14,UPDATE,Produits,2746186674081,prix,10.08
92,08c8b678f8e6f0caz05880ef4ebba10az,2024-08-14,UPDATE,Produits,5045142259110,prix,16
93,08c8b678f8e6f0caz05880ef4ebba10az,2024-08-14,UPDATE,Produits,6700711627906,prix,16
94,08c8b678f8e6f0caz05880ef4ebba10az,2024-08-14,UPDATE,Produits,1250682406651,prix,5.28
95,08c8b678f8e6f0caz05880ef4ebba10az,2024-08-14,UPDATE,Produits,7939160393817,prix,6.09
96,08c8b678f8e6f0caz05880ef4ebba10az,2024-08-14,UPDATE,Produits,4119300298776,prix,2.44
97,08c8b678f8e6f0caz05880ef4ebba10az,2024-08-14,UPDATE,Produits,9005558555953,prix,3.66
98,08c8b678f8e6f0caz05880ef4ebba10az,2024-08-14,UPDATE,Produits,9541705464544,prix,2.43
99,08c8b678f8e6f0caz05880ef4ebba10az,2024-08-14,UPDATE,Produits,491562858887,prix,3.23
100,08c8b678f8e6f0caz05880ef4ebba10az,2024-08-14,UPDATE,Produits,8558646567591,prix,1.17
101,08c8b678f8e6f0caz05880ef4ebba10az,2024-08-14,UPDATE,Produits,6829737086051,prix,1.28
102,08c8b678f8e6f0caz05880ef4ebba10az,2024-08-14,UPDATE,Produits,9653585812321,prix,2.37
103,08c8b678f8e6f0caz05880ef4ebba10az,2024-08-14,UPDATE,Produits,5286882010158,prix,2.41
104,08c8b678f8e6f0caz05880ef4ebba10az,2024-08-14,UPDATE,Produits,8098731395857,prix,2.34
105,08c8b678f8e6f0caz05880ef4ebba10az,2024-08-14,UPDATE,Produits,2674091466092,prix,3.38
106,08c8b678f8e6f0caz05880ef4ebba10az,2024-08-14,UPDATE,Produits,7850944762933,prix,3.15
107,08c8b678f8e6f0caz05880ef4ebba10az,2024-08-14,UPDATE,Produits,8663546181305,prix,2.51
108,08c8b678f8e6f0caz05880ef4ebba10az,2024-08-14,UPDATE,Produits,6121192737678,prix,6.59
109,08c8b678f8e6f0caz05880ef4ebba10az,2024-08-14,UPDATE,Produits,59134651358,prix,7.33
110,08c8b678f8e6f0caz05880ef4ebba10az,2024-08-14,UPDATE,Produits,2409259556515,prix,3.19
111,08c8b678f8e6f0caz05880ef4ebba10az,2024-08-14,UPDATE,Produits,9527806656803,prix,3.14
112,08c8b678f8e6f0caz05880ef4ebba10az,2024-08-14,UPDATE,Produits,5004118991377,prix,5.17
113,08c8b678f8e6f0caz05880ef4ebba10az,2024-08-14,UPDATE,Produits,771984348316,prix,9.55
114,08c8b678f8e6f0caz05880ef4ebba10az,2024-08-14,UPDATE,Produits,4910072107687,prix,3.01
115,08c8b678f8e6f0caz05880ef4ebba10az,2024-08-14,UPDATE,Produits,2492073390616,prix,11.77
116,08c8b678f8e6f0caz05880ef4ebba10az,2024-08-14,UPDATE,Produits,2677644190573,prix,6.85
117,08c8b678f8e6f0caz05880ef4ebba10az,2024-08-14,UPDATE,Produits,8325855118891,prix,2.83
118,08c8b678f8e6f0caz05880ef4ebba10az,2024-08-14,UPDATE,Produits,9329755075538,prix,6.59
119,08c8b678f8e6f0caz05880ef4ebba10az,2024-08-14,UPDATE,Produits,6545809582735,prix,2.71
120,08c8b678f8e6f0caz05880ef4ebba10az,2024-08-14,UPDATE,Produits,1402066502807,prix,2.43
121,08c8b678f8e6f0caz05880ef4ebba10az,2024-08-14,UPDATE,Produits,2641182937555,prix,2.82
122,08c8b678f8e6f0caz05880ef4ebba10az,2024-08-14,UPDATE,Produits,294011598694,prix,1.58
123,08c8b678f8e6f0caz05880ef4ebba10az,2024-08-14,UPDATE,Produits,8262324858542,prix,5.15
124,08c8b678f8e6f0caz05880ef4ebba10az,2024-08-14,UPDATE,Produits,4175972305114,prix,4.57
125,08c8b678f8e6f0caz05880ef4ebba10az,2024-08-14,UPDATE,Produits,6690396239421,prix,4.06
126,08c8b678f8e6f0caz05880ef4ebba10az,2024-08-14,UPDATE,Produits,5378552386693,prix,4.06
127,08c8b678f8e6f0caz05880ef4ebba10az,2024-08-14,UPDATE,Produits,5474772182590,prix,4.69
128,08c8b678f8e6f0caz05880ef4ebba10az,2024-08-14,UPDATE,Produits,6945721113108,prix,3.89
129,08c8b678f8e6f0caz05880ef4ebba10az,2024-08-14,UPDATE,Produits,2256286494839,prix,4.15
130,08c8b678f8e6f0caz05880ef4ebba10az,2024-08-14,UPDATE,Produits,7469893504837,prix,2.89
131,08c8b678f8e6f0caz05880ef4ebba10az,2024-08-14,UPDATE,Produits,4451484831415,prix,3.04
132,08c8b678f8e6f0caz05880ef4ebba10az,2024-08-14,UPDATE,Produits,656981426978,prix,3.02
133,08c8b678f8e6f0caz05880ef4ebba10az,2024-08-14,UPDATE,Produits,975295823631,prix,1.08
134,08c8b678f8e6f0caz05880ef4ebba10az,2024-08-14,UPDATE,Produits,1661415782525,prix,2.52
135,08c8b678f8e6f0caz05880ef4ebba10az,2024-08-14,UPDATE,Produits,4871948875034,prix,2.84
136,08c8b678f8e6f0caz05880ef4ebba10az,2024-08-14,UPDATE,Produits,1856574893199,prix,4.09
137,08c8b678f8e6f0caz05880ef4ebba10az,2024-08-14,UPDATE,Produits,7462540357358,prix,5.98
138,08c8b678f8e6f0caz05880ef4ebba10az,2024-08-14,UPDATE,Produits,7246886796862,prix,3.75
139,08c8b678f8e6f0caz05880ef4ebba10az,2024-08-14,UPDATE,Produits,5945881092653,prix,2.04
140,08c8b678f8e6f0caz05880ef4ebba10az,2024-08-14,UPDATE,Produits,422025236730,prix,2.04
141,08c8b678f8e6f0caz05880ef4ebba10az,2024-08-14,UPDATE,Produits,8041098181816,prix,2.06
142,08c8b678f8e6f0caz05880ef4ebba10az,2024-08-14,UPDATE,Produits,304135615449,prix,3.53
143,08c8b678f8e6f0caz05880ef4ebba10az,2024-08-14,UPDATE,Produits,7132105593439,prix,2.96
144,08c8b678f8e6f0caz05880ef4ebba10az,2024-08-14,UPDATE,Produits,7574540007012,prix,1.02
145,08c8b678f8e6f0caz05880ef4ebba10az,2024-08-14,UPDATE,Produits,6620315781628,prix,3.03
146,08c8b678f8e6f0caz05880ef4ebba10az,2024-08-14,UPDATE,Produits,6992810974539,prix,2.01
147,08c8b678f8e6f0caz05880ef4ebba10az,2024-08-14,UPDATE,Produits,6562243896854,prix,1.63
148,08c8b678f8e6f0caz05880ef4ebba10az,2024-08-14,UPDATE,Produits,582840133021,prix,4.09
149,08c8b678f8e6f0caz05880ef4ebba10az,2024-08-14,UPDATE,Produits,8571368091798,prix,1.83
150,08c8b678f8e6f0caz05880ef4ebba10az,2024-08-14,UPDATE,Produits,4709354004160,prix,2.67
151,08c8b678f8e6f0caz05880ef4ebba10az,2024-08-14,UPDATE,Produits,7833141818871,prix,2.75
152,08c8b678f8e6f0caz05880ef4ebba10az,2024-08-14,UPDATE,Produits,1855752456801,prix,2.74
153,08c8b678f8e6f0caz05880ef4ebba10az,2024-08-14,UPDATE,Produits,5440775128827,prix,1.19
154,08c8b678f8e6f0caz05880ef4ebba10az,2024-08-14,UPDATE,Produits,3723753609415,prix,2.14
155,08c8b678f8e6f0caz05880ef4ebba10az,2024-08-14,UPDATE,Produits,3306220847650,prix,2.19
156,08c8b678f8e6f0caz05880ef4ebba10az,2024-08-14,UPDATE,Produits,1949835383792,prix,3.92
157,08c8b678f8e6f0caz05880ef4ebba10az,2024-08-14,UPDATE,Produits,8854066409190,prix,1.81
158,08c8b678f8e6f0caz05880ef4ebba10az,2024-08-14,UPDATE,Produits,227133815159,prix,6.25
159,08c8b678f8e6f0caz05880ef4ebba10az,2024-08-14,UPDATE,Produits,1047401945367,prix,3.55
160,08c8b678f8e6f0caz05880ef4ebba10az,2024-08-14,UPDATE,Produits,3734687240105,prix,7.89
161,08c8b678f8e6f0caz05880ef4ebba10az,2024-08-14,UPDATE,Produits,1360472327305,prix,8.89
162,08c8b678f8e6f0caz05880ef4ebba10az,2024-08-14,UPDATE,Produits,7318911344139,prix,4.91
163,08c8b678f8e6f0caz05880ef4ebba10az,2024-08-14,UPDATE,Produits,2837764998752,prix,2.29
164,08c8b678f8e6f0caz05880ef4ebba10az,2024-08-14,UPDATE,Produits,6567802035562,prix,3.37
165,08c8b678f8e6f0caz05880ef4ebba10az,2024-08-14,UPDATE,Produits,8835499920675,prix,2.51
166,08c8b678f8e6f0caz05880ef4ebba10az,2024-08-14,UPDATE,Produits,5700324281323,prix,2.76
167,08c8b678f8e6f0caz05880ef4ebba10az,2024-08-14,UPDATE,Produits,6045063702271,prix,2.83
168,08c8b678f8e6f0caz05880ef4ebba10az,2024-08-14,UPDATE,Produits,4474001616248,prix,3.55
169,08c8b678f8e6f0caz05880ef4ebba10az,2024-08-14,UPDATE,Produits,4329098040816,prix,1.53
170,08c8b678f8e6f0caz05880ef4ebba10az,2024-08-14,UPDATE,Produits,6756952364681,prix,11.94
171,08c8b678f8e6f0caz05880ef4ebba10az,2024-08-14,UPDATE,Produits,9792546788908,prix,9.24
172,08c8b678f8e6f0caz05880ef4ebba10az,2024-08-14,UPDATE,Produits,8891774461013,prix,12.93
173,08c8b678f8e6f0caz05880ef4ebba10az,2024-08-14,UPDATE,Produits,468864549191,prix,51
174,08c8b678f8e6f0caz05880ef4ebba10az,2024-08-14,UPDATE,Produits,8129139445942,prix,17.04
175,08c8b678f8e6f0caz05880ef4ebba10az,2024-08-14,UPDATE,Produits,1395075957478,prix,11.71
176,08c8b678f8e6f0caz05880ef4ebba10az,2024-08-14,UPDATE,Produits,8829817250241,prix,14.75
177,08c8b678f8e6f0caz05880ef4ebba10az,2024-08-14,UPDATE,Produits,1383411562579,prix,13.91
178,08c8b678f8e6f0caz05880ef4ebba10az,2024-08-14,UPDATE,Produits,871724030585,prix,24.53
179,08c8b678f8e6f0caz05880ef4ebba10az,2024-08-14,UPDATE,Produits,3230557768424,prix,33.15
180,08c8b678f8e6f0caz05880ef4ebba10az,2024-08-14,UPDATE,Produits,631425921924,prix,15.91
181,08c8b678f8e6f0caz05880ef4ebba10az,2024-08-14,UPDATE,Produits,6632643999043,prix,7.68
182,08c8b678f8e6f0caz05880ef4ebba10az,2024-08-14,UPDATE,Produits,5516100979057,prix,4.36
183,08c8b678f8e6f0caz05880ef4ebba10az,2024-08-14,UPDATE,Produits,2874462281384,prix,2.03
184,08c8b678f8e6f0caz05880ef4ebba10az,2024-08-14,UPDATE,Produits,8911577057830,prix,1.26
185,08c8b678f8e6f0caz05880ef4ebba10az,2024-08-14,UPDATE,Produits,6093977564490,prix,1.34
186,08c8b678f8e6f0caz05880ef4ebba10az,2024-08-14,UPDATE,Produits,5270327595243,prix,4.06
187,08c8b678f8e6f0caz05880ef4ebba10az,2024-08-14,UPDATE,Produits,7099477172204,prix,5.41
188,08c8b678f8e6f0caz05880ef4ebba10az,2024-08-14,UPDATE,Produits,4613183853727,prix,6.01
189,08c8b678f8e6f0caz05880ef4ebba10az,2024-08-14,UPDATE,Produits,9279353478567,prix,2.99
190,08c8b678f8e6f0caz05880ef4ebba10az,2024-08-14,UPDATE,Produits,9754817786364,prix,5.47
191,08c8b678f8e6f0caz05880ef4ebba10az,2024-08-14,UPDATE,Produits,2426203977858,prix,6.19
192,08c8b678f8e6f0caz05880ef4ebba10az,2024-08-14,UPDATE,Produits,5990177724980,prix,10.39
193,08c8b678f8e6f0caz05880ef4ebba10az,2024-08-14,UPDATE,Produits,8144769849675,prix,0.84
194,08c8b678f8e6f0caz05880ef4ebba10az,2024-08-14,UPDATE,Produits,4631444435397,prix,4.62
195,08c8b678f8e6f0caz05880ef4ebba10az,2024-08-14,UPDATE,Produits,1405400552426,prix,0.71
196,08c8b678f8e6f0caz05880ef4ebba10az,2024-08-14,UPDATE,Produits,6034257732933,prix,0.73
197,08c8b678f8e6f0caz05880ef4ebba10az,2024-08-14,UPDATE,Produits,14224852767,prix,5.23
198,08c8b678f8e6f0caz05880ef4ebba10az,2024-08-14,UPDATE,Produits,1841813647063,prix,0.56
199,08c8b678f8e6f0caz05880ef4ebba10az,2024-08-14,UPDATE,Produits,4790407496497,prix,0.5
200,08c8b678f8e6f0caz05880ef4ebba10az,2024-08-14,UPDATE,Produits,7786439921986,prix,1.94
201,08c8b678f8e6f0caz05880ef4ebba10az,2024-08-14,UPDATE,Produits,4901578409555,prix,1.45
202,08c8b678f8e6f0caz05880ef4ebba10az,2024-08-14,UPDATE,Produits,2950295146499,prix,2.39
203,08c8b678f8e6f0caz05880ef4ebba10az,2024-08-14,UPDATE,Produits,224446887183,prix,2.95
204,08c8b678f8e6f0caz05880ef4ebba10az,2024-08-14,UPDATE,Produits,4754109685071,prix,3.53
205,08c8b678f8e6f0caz05880ef4ebba10az,2024-08-14,UPDATE,Produits,6912909834245,prix,1.67
206,08c8b678f8e6f0caz05880ef4ebba10az,2024-08-14,UPDATE,Produits,1593468093956,prix,0.72
207,08c8b678f8e6f0caz05880ef4ebba10az,2024-08-14,UPDATE,Produits,2096243458365,prix,0.72
208,08c8b678f8e6f0caz05880ef4ebba10az,2024-08-14,UPDATE,Produits,4660785851187,prix,4.94
209,08c8b678f8e6f0caz05880ef4ebba10az,2024-08-14,UPDATE,Produits,2086891699214,prix,3.03
210,08c8b678f8e6f0caz05880ef4ebba10az,2024-08-14,UPDATE,Produits,6545815997444,prix,4.94
211,08c8b678f8e6f0caz05880ef4ebba10az,2024-08-14,UPDATE,Produits,9426030832746,prix,3.88
212,08c8b678f8e6f0caz05880ef4ebba10az,2024-08-14,UPDATE,Produits,4706957311407,prix,3.02
213,08c8b678f8e6f0caz05880ef4ebba10az,2024-08-14,UPDATE,Produits,6802645299384,prix,39.95
214,08c8b678f8e6f0caz05880ef4ebba10az,2024-08-14,UPDATE,Produits,5627493758498,prix,95
215,08c8b678f8e6f0caz05880ef4ebba10az,2024-08-14,UPDATE,Produits,393796165092,prix,20.99
216,08c8b678f8e6f0caz05880ef4ebba10az,2024-08-14,UPDATE,Produits,1581890555402,prix,18.56
217,08c8b678f8e6f0caz05880ef4ebba10az,2024-08-14,UPDATE,Produits,110085106221,prix,21.61
218,08c8b678f8e6f0caz05880ef4ebba10az,2024-08-14,UPDATE,Produits,3765446448855,prix,7.66
219,08c8b678f8e6f0caz05880ef4ebba10az,2024-08-14,UPDATE,Produits,4619922003920,prix,2.54
220,08c8b678f8e6f0caz05880ef4ebba10az,2024-08-14,UPDATE,Produits,3174237520232,prix,2.85
221,08c8b678f8e6f0caz05880ef4ebba10az,2024-08-14,UPDATE,Produits,295719372912,prix,4.25
222,08c8b678f8e6f0caz05880ef4ebba10az,2024-08-14,UPDATE,Produits,2129414122085,prix,4.55
223,08c8b678f8e6f0caz05880ef4ebba10az,2024-08-14,UPDATE,Produits,5558181355347,prix,7.09
224,08c8b678f8e6f0caz05880ef4ebba10az,2024-08-14,UPDATE,Produits,8407916591360,prix,1.09
225,08c8b678f8e6f0caz05880ef4ebba10az,2024-08-14,UPDATE,Produits,6312350067655,prix,2.35
226,08c8b678f8e6f0caz05880ef4ebba10az,2024-08-14,UPDATE,Produits,8458907115550,prix,1.08
227,08c8b678f8e6f0caz05880ef4ebba10az,2024-08-14,UPDATE,Produits,2855152113959,prix,2.09
228,08c8b678f8e6f0caz05880ef4ebba10az,2024-08-14,UPDATE,Produits,1693921301368,prix,5.14
229,08c8b678f8e6f0caz05880ef4ebba10az,2024-08-14,UPDATE,Produits,8430546037826,prix,5.75
230,08c8b678f8e6f0caz05880ef4ebba10az,2024-08-14,UPDATE,Produits,3251644556435,prix,23.54
231,08c8b678f8e6f0caz05880ef4ebba10az,2024-08-14,UPDATE,Produits,322864395096,prix,5.53
232,08c8b678f8e6f0caz05880ef4ebba10az,2024-08-14,UPDATE,Produits,3372177024134,prix,6.98
233,08c8b678f8e6f0caz05880ef4ebba10az,2024-08-14,UPDATE,Produits,2493340851866,prix,4.95
234,08c8b678f8e6f0caz05880ef4ebba10az,2024-08-14,UPDATE,Produits,4404506203838,prix,4.05
235,08c8b678f8e6f0caz05880ef4ebba10az,2024-08-14,UPDATE,Produits,1520668633285,prix,3.23
236,08c8b678f8e6f0caz05880ef4ebba10az,2024-08-14,UPDATE,Produits,714277143973,prix,4.24
237,08c8b678f8e6f0caz05880ef4ebba10az,2024-08-14,UPDATE,Produits,9653770532360,prix,3.27
238,08c8b678f8e6f0caz05880ef4ebba10az,2024-08-14,UPDATE,Produits,9873875396905,prix,6.01
239,08c8b678f8e6f0caz05880ef4ebba10az,2024-08-14,UPDATE,Produits,887712735446,prix,5.87
240,08c8b678f8e6f0caz05880ef4ebba10az,2024-08-14,UPDATE,Produits,1150023103137,prix,3.11
241,08c8b678f8e6f0caz05880ef4ebba10az,2024-08-14,UPDATE,Produits,7893839156036,prix,2.44
242,08c8b678f8e6f0caz05880ef4ebba10az,2024-08-14,UPDATE,Produits,6376847394233,prix,3.02
243,08c8b678f8e6f0caz05880ef4ebba10az,2024-08-14,UPDATE,Produits,6863302308923,prix,4.89
244,08c8b678f8e6f0caz05880ef4ebba10az,2024-08-14,UPDATE,Produits,2987647286167,prix,1.89
245,08c8b678f8e6f0caz05880ef4ebba10az,2024-08-14,UPDATE,Produits,2892116546610,prix,3.95
246,08c8b678f8e6f0caz05880ef4ebba10az,2024-08-14,UPDATE,Produits,8069532672722,prix,4.39
247,08c8b678f8e6f0caz05880ef4ebba10az,2024-08-14,UPDATE,Produits,1744136033703,prix,3.55
248,08c8b678f8e6f0caz05880ef4ebba10az,2024-08-14,UPDATE,Produits,980824716145,prix,2.46
249,08c8b678f8e6f0caz05880ef4ebba10az,2024-08-14,UPDATE,Produits,6046302850694,prix,3.29
250,08c8b678f8e6f0caz05880ef4ebba10az,2024-08-14,UPDATE,Produits,3207282647444,prix,3.49
251,08c8b678f8e6f0caz05880ef4ebba10az,2024-08-14,UPDATE,Produits,9782737527870,prix,1.68
252,08c8b678f8e6f0caz05880ef4ebba10az,2024-08-14,UPDATE,Produits,40179457213,prix,2.41
253,08c8b678f8e6f0caz05880ef4ebba10az,2024-08-14,UPDATE,Produits,9415773609230,prix,4.49
254,08c8b678f8e6f0caz05880ef4ebba10az,2024-08-14,UPDATE,Produits,7704279563356,prix,3.43
255,08c8b678f8e6f0caz05880ef4ebba10az,2024-08-14,UPDATE,Produits,7994631613739,prix,1.03
256,08c8b678f8e6f0caz05880ef4ebba10az,2024-08-14,UPDATE,Produits,5886034504660,prix,3.25
257,08c8b678f8e6f0caz05880ef4ebba10az,2024-08-14,UPDATE,Produits,8915544398679,prix,2.06
258,08c8b678f8e6f0caz05880ef4ebba10az,2024-08-14,UPDATE,Produits,9900842457655,prix,5.65
259,08c8b678f8e6f0caz05880ef4ebba10az,2024-08-14,UPDATE,Produits,3622593588499,prix,4.87
260,08c8b678f8e6f0caz05880ef4ebba10az,2024-08-14,UPDATE,Produits,7921939705203,prix,4.51
261,08c8b678f8e6f0caz05880ef4ebba10az,2024-08-14,UPDATE,Produits,1855504954195,prix,8.67
262,08c8b678f8e6f0caz05880ef4ebba10az,2024-08-14,UPDATE,Produits,6820386256970,prix,4.75
263,08c8b678f8e6f0caz05880ef4ebba10az,2024-08-14,UPDATE,Produits,9038887334775,prix,3.09
264,08c8b678f8e6f0caz05880ef4ebba10az,2024-08-14,UPDATE,Produits,1147362744627,prix,2.33
265,08c8b678f8e6f0caz05880ef4ebba10az,2024-08-14,UPDATE,Produits,2991290325347,prix,2.56
266,08c8b678f8e6f0caz05880ef4ebba10az,2024-08-14,UPDATE,Produits,584390245008,prix,3.65
267,08c8b678f8e6f0caz05880ef4ebba10az,2024-08-14,UPDATE,Produits,1918009527125,prix,2.87
268,08c8b678f8e6f0caz05880ef4ebba10az,2024-08-14,UPDATE,Produits,6153669580104,prix,1.99
269,08c8b678f8e6f0caz05880ef4ebba10az,2024-08-14,UPDATE,Produits,2211588991397,prix,3.26
270,08c8b678f8e6f0caz05880ef4ebba10az,2024-08-14,UPDATE,Produits,9943279531403,prix,7.01
271,08c8b678f8e6f0caz05880ef4ebba10az,2024-08-14,UPDATE,Produits,9169313790981,prix,5.45
272,08c8b678f8e6f0caz05880ef4ebba10az,2024-08-14,UPDATE,Produits,8154752108424,prix,2.19
273,08c8b678f8e6f0caz05880ef4ebba10az,2024-08-14,UPDATE,Produits,8909596647102,prix,4.05
274,08c8b678f8e6f0caz05880ef4ebba10az,2024-08-14,UPDATE,Produits,9739214086968,prix,3.39
275,08c8b678f8e6f0caz05880ef4ebba10az,2024-08-14,UPDATE,Produits,3563118741127,prix,3.65
276,08c8b678f8e6f0caz05880ef4ebba10az,2024-08-14,UPDATE,Produits,1824317247808,prix,2.69
277,08c8b678f8e6f0caz05880ef4ebba10az,2024-08-14,UPDATE,Produits,1362614311848,prix,1.79
278,08c8b678f8e6f0caz05880ef4ebba10az,2024-08-14,UPDATE,Produits,7293749308657,prix,3.34
279,08c8b678f8e6f0caz05880ef4ebba10az,2024-08-14,UPDATE,Produits,7079773442397,prix,4.34
280,08c8b678f8e6f0caz05880ef4ebba10az,2024-08-14,UPDATE,Produits,8847551446,prix,4.19
281,08c8b678f8e6f0caz05880ef4ebba10az,2024-08-14,UPDATE,Produits,8277607395637,prix,5.73
282,08c8b678f8e6f0caz05880ef4ebba10az,2024-08-14,UPDATE,Produits,1630292661464,prix,4.61
283,08c8b678f8e6f0caz05880ef4ebba10az,2024-08-14,UPDATE,Produits,6017639879357,prix,4.57
284,08c8b678f8e6f0caz05880ef4ebba10az,2024-08-14,UPDATE,Produits,5610427566162,prix,1.56
285,08c8b678f8e6f0caz05880ef4ebba10az,2024-08-14,UPDATE,Produits,2853403640099,prix,1.06
286,08c8b678f8e6f0caz05880ef4ebba10az,2024-08-14,UPDATE,Produits,536435602312,prix,1.82
287,08c8b678f8e6f0caz05880ef4ebba10az,2024-08-14,UPDATE,Produits,7400908832485,prix,1.42
288,08c8b678f8e6f0caz05880ef4ebba10az,2024-08-14,UPDATE,Produits,3687272121050,prix,2.26
289,08c8b678f8e6f0caz05880ef4ebba10az,2024-08-14,UPDATE,Produits,8009011711384,prix,2.75
290,08c8b678f8e6f0caz05880ef4ebba10az,2024-08-14,UPDATE,Produits,8781924513161,prix,1
291,08c8b678f8e6f0caz05880ef4ebba10az,2024-08-14,UPDATE,Produits,2228683542576,prix,1.05
292,08c8b678f8e6f0caz05880ef4ebba10az,2024-08-14,UPDATE,Produits,2746263853684,prix,2.99
293,08c8b678f8e6f0caz05880ef4ebba10az,2024-08-14,UPDATE,Produits,5206026772390,prix,2.09
294,08c8b678f8e6f0caz05880ef4ebba10az,2024-08-14,UPDATE,Produits,3943316368500,prix,4.25
295,08c8b678f8e6f0caz05880ef4ebba10az,2024-08-14,UPDATE,Produits,1152801551419,prix,1.65
296,08c8b678f8e6f0caz05880ef4ebba10az,2024-08-14,UPDATE,Produits,1060868138582,prix,1.45
297,08c8b678f8e6f0caz05880ef4ebba10az,2024-08-14,UPDATE,Produits,6972534318631,prix,1.85
298,08c8b678f8e6f0caz05880ef4ebba10az,2024-08-14,UPDATE,Produits,5823150632339,prix,1.06
299,08c8b678f8e6f0caz05880ef4ebba10az,2024-08-14,UPDATE,Produits,3816775356550,prix,2.38
300,08c8b678f8e6f0caz05880ef4ebba10az,2024-08-14,UPDATE,Produits,334437214144,prix,2.14
301,08c8b678f8e6f0caz05880ef4ebba10az,2024-08-14,UPDATE,Produits,4941259205318,prix,3.93
302,08c8b678f8e6f0caz05880ef4ebba10az,2024-08-14,UPDATE,Produits,150936373011,prix,3.93
303,08c8b678f8e6f0caz05880ef4ebba10az,2024-08-14,UPDATE,Produits,9938840791610,prix,3.99
304,08c8b678f8e6f0caz05880ef4ebba10az,2024-08-14,UPDATE,Produits,3332051923954,prix,2.02
305,08c8b678f8e6f0caz05880ef4ebba10az,2024-08-14,UPDATE,Produits,5957892374360,prix,3.27
306,08c8b678f8e6f0caz05880ef4ebba10az,2024-08-14,UPDATE,Produits,280444606942,prix,3.23
307,08c8b678f8e6f0caz05880ef4ebba10az,2024-08-14,UPDATE,Produits,2045670377487,prix,2.65
308,08c8b678f8e6f0caz05880ef4ebba10az,2024-08-14,UPDATE,Produits,901789316391,prix,2.98
309,08c8b678f8e6f0caz05880ef4ebba10az,2024-08-14,UPDATE,Produits,3192683967039,prix,2.09
310,08c8b678f8e6f0caz05880ef4ebba10az,2024-08-14,UPDATE,Produits,4819413989517,prix,3.08
311,08c8b678f8e6f0caz05880ef4ebba10az,2024-08-14,UPDATE,Produits,1835735955021,prix,3.08
312,08c8b678f8e6f0caz05880ef4ebba10az,2024-08-14,UPDATE,Produits,9513656922924,prix,2
313,08c8b678f8e6f0caz05880ef4ebba10az,2024-08-14,UPDATE,Produits,9735322474753,prix,1.93
314,08c8b678f8e6f0caz05880ef4ebba10az,2024-08-14,UPDATE,Produits,3889036506846,prix,5.23
315,08c8b678f8e6f0caz05880ef4ebba10az,2024-08-14,UPDATE,Produits,2921309662961,prix,2.32
316,08c8b678f8e6f0caz05880ef4ebba10az,2024-08-14,UPDATE,Produits,4957897195173,prix,3.07
317,08c8b678f8e6f0caz05880ef4ebba10az,2024-08-14,UPDATE,Produits,8618014112092,prix,4.04
318,08c8b678f8e6f0caz05880ef4ebba10az,2024-08-14,UPDATE,Produits,8503338420171,prix,3.44
319,08c8b678f8e6f0caz05880ef4ebba10az,2024-08-14,UPDATE,Produits,4545722258073,prix,0.98
320,08c8b678f8e6f0caz05880ef4ebba10az,2024-08-14,UPDATE,Produits,469017675796,prix,1.12
321,08c8b678f8e6f0caz05880ef4ebba10az,2024-08-14,UPDATE,Produits,5725332176790,prix,0.96
322,08c8b678f8e6f0caz05880ef4ebba10az,2024-08-14,UPDATE,Produits,6384924841658,prix,1.06
323,08c8b678f8e6f0caz05880ef4ebba10az,2024-08-14,UPDATE,Produits,5632269437594,prix,12.06
324,08c8b678f8e6f0caz05880ef4ebba10az,2024-08-14,UPDATE,Produits,4459144783136,prix,2.02
325,08c8b678f8e6f0caz05880ef4ebba10az,2024-08-14,UPDATE,Produits,8212788438752,prix,9.73
326,08c8b678f8e6f0caz05880ef4ebba10az,2024-08-14,UPDATE,Produits,3558887263051,prix,3.77
327,08c8b678f8e6f0caz05880ef4ebba10az,2024-08-14,UPDATE,Produits,2880065843830,prix,2.93
328,08c8b678f8e6f0caz05880ef4ebba10az,2024-08-14,UPDATE,Produits,2413258473634,prix,2.15
329,08c8b678f8e6f0caz05880ef4ebba10az,2024-08-14,UPDATE,Produits,4410361135035,prix,2.04
330,08c8b678f8e6f0caz05880ef4ebba10az,2024-08-14,UPDATE,Produits,4295555173566,prix,5.01
331,08c8b678f8e6f0caz05880ef4ebba10az,2024-08-14,UPDATE,Produits,3570568435454,prix,51.75
332,08c8b678f8e6f0caz05880ef4ebba10az,2024-08-14,UPDATE,Produits,2658313299773,prix,0.7
333,08c8b678f8e6f0caz05880ef4ebba10az,2024-08-14,UPDATE,Produits,7468565395597,prix,1.09
334,08c8b678f8e6f0caz05880ef4ebba10az,2024-08-14,UPDATE,Produits,7403924239313,prix,2.04
335,08c8b678f8e6f0caz05880ef4ebba10az,2024-08-14,UPDATE,Produits,1647241780666,prix,6.09
336,08c8b678f8e6f0caz05880ef4ebba10az,2024-08-14,UPDATE,Produits,1175754953799,prix,3.08
337,08c8b678f8e6f0caz05880ef4ebba10az,2024-08-14,UPDATE,Produits,6553851137284,prix,3.08
338,08c8b678f8e6f0caz05880ef4ebba10az,2024-08-14,UPDATE,Produits,4370106801245,prix,23
339,08c8b678f8e6f0caz05880ef4ebba10az,2024-08-14,UPDATE,Produits,5090454116699,prix,3.05
340,08c8b678f8e6f0caz05880ef4ebba10az,2024-08-14,UPDATE,Produits,9906918414006,prix,2
341,08c8b678f8e6f0caz05880ef4ebba10az,2024-08-14,UPDATE,Produits,4546901178030,prix,22
342,08c8b678f8e6f0caz05880ef4ebba10az,2024-08-14,UPDATE,Produits,4785497993527,prix,24
343,08c8b678f8e6f0caz05880ef4ebba10az,2024-08-14,UPDATE,Produits,7620431849233,prix,4.05
344,08c8b678f8e6f0caz05880ef4ebba10az,2024-08-14,UPDATE,Produits,6267890572296,prix,3.09
345,08c8b678f8e6f0caz05880ef4ebba10az,2024-08-14,UPDATE,Produits,4863621596730,prix,24
346,08c8b678f8e6f0caz05880ef4ebba10az,2024-08-14,UPDATE,Produits,6060669649620,prix,3.06
347,08c8b678f8e6f0caz05880ef4ebba10az,2024-08-14,UPDATE,Produits,9759872129298,prix,5.07
348,08c8b678f8e6f0caz05880ef4ebba10az,2024-08-14,UPDATE,Produits,2704202726916,prix,19.09
349,08c8b678f8e6f0caz05880ef4ebba10az,2024-08-14,UPDATE,Produits,7070888028700,prix,5.05
350,08c8b678f8e6f0caz05880ef4ebba10az,2024-08-14,UPDATE,Produits,4983367897056,prix,3.06
351,08c8b678f8e6f0caz05880ef4ebba10az,2024-08-14,UPDATE,Produits,7471922695953,prix,4.07
352,08c8b678f8e6f0caz05880ef4ebba10az,2024-08-14,UPDATE,Produits,1999583986158,prix,3.05
353,08c8b678f8e6f0caz05880ef4ebba10az,2024-08-14,UPDATE,Produits,6718945723857,prix,3
354,08c8b678f8e6f0caz05880ef4ebba10az,2024-08-14,UPDATE,Produits,5149820412823,prix,1.99
355,08c8b678f8e6f0caz05880ef4ebba10az,2024-08-14,UPDATE,Produits,3568708113008,prix,2.55
356,08c8b678f8e6f0caz05880ef4ebba10az,2024-08-14,UPDATE,Produits,9477112687753,prix,1.01
357,08c8b678f8e6f0caz05880ef4ebba10az,2024-08-14,UPDATE,Produits,5609479175085,prix,2.45
358,08c8b678f8e6f0caz05880ef4ebba10az,2024-08-14,UPDATE,Produits,134209117439,prix,1.25
359,08c8b678f8e6f0caz05880ef4ebba10az,2024-08-14,UPDATE,Produits,2269556894428,prix,2.07
360,08c8b678f8e6f0caz05880ef4ebba10az,2024-08-14,UPDATE,Produits,2232067566768,prix,2.03
361,08c8b678f8e6f0caz05880ef4ebba10az,2024-08-14,UPDATE,Produits,4263627626716,prix,3.38
362,08c8b678f8e6f0caz05880ef4ebba10az,2024-08-14,UPDATE,Produits,9529529561971,prix,2.12
363,08c8b678f8e6f0caz05880ef4ebba10az,2024-08-14,UPDATE,Produits,3188928859518,prix,2.79
364,08c8b678f8e6f0caz05880ef4ebba10az,2024-08-14,UPDATE,Produits,4970111489136,prix,2.91
365,08c8b678f8e6f0caz05880ef4ebba10az,2024-08-14,UPDATE,Produits,121382153787,prix,2.39
366,08c8b678f8e6f0caz05880ef4ebba10az,2024-08-14,UPDATE,Produits,7628699185907,prix,2.45
367,08c8b678f8e6f0caz05880ef4ebba10az,2024-08-14,UPDATE,Produits,5548273791217,prix,3.05
368,08c8b678f8e6f0caz05880ef4ebba10az,2024-08-14,UPDATE,Produits,6992762376148,prix,5.05
369,08c8b678f8e6f0caz05880ef4ebba10az,2024-08-14,UPDATE,Produits,7725054648526,prix,3.64
370,08c8b678f8e6f0caz05880ef4ebba10az,2024-08-14,UPDATE,Produits,1547167201482,prix,2.89
371,08c8b678f8e6f0caz05880ef4ebba10az,2024-08-14,UPDATE,Produits,3691840956243,prix,3.06
372,08c8b678f8e6f0caz05880ef4ebba10az,2024-08-14,UPDATE,Produits,6669978129219,prix,3.85
373,08c8b678f8e6f0caz05880ef4ebba10az,2024-08-14,UPDATE,Produits,7997719171506,prix,6.25
374,08c8b678f8e6f0caz05880ef4ebba10az,2024-08-14,UPDATE,Produits,8244761092156,prix,4.99
375,08c8b678f8e6f0caz05880ef4ebba10az,2024-08-14,UPDATE,Produits,8291139020647,prix,7.99
376,08c8b678f8e6f0caz05880ef4ebba10az,2024-08-14,UPDATE,Produits,1622214783890,prix,13.99
377,08c8b678f8e6f0caz05880ef4ebba10az,2024-08-14,UPDATE,Produits,4770695228082,prix,13.99
378,08c8b678f8e6f0caz05880ef4ebba10az,2024-08-14,UPDATE,Produits,7259520166383,prix,8.99
379,08c8b678f8e6f0caz05880ef4ebba10az,2024-08-14,UPDATE,Produits,6163787701787,prix,9.99
380,08c8b678f8e6f0caz05880ef4ebba10az,2024-08-14,UPDATE,Produits,8648267621081,prix,5.99
381,08c8b678f8e6f0caz05880ef4ebba10az,2024-08-14,UPDATE,Produits,4391797938848,prix,5.99
382,08c8b678f8e6f0caz05880ef4ebba10az,2024-08-14,UPDATE,Produits,5691775562427,prix,5.81
383,08c8b678f8e6f0caz05880ef4ebba10az,2024-08-14,UPDATE,Produits,3005948191164,prix,4.38
384,08c8b678f8e6f0caz05880ef4ebba10az,2024-08-14,UPDATE,Produits,3460498125451,prix,12.58
385,08c8b678f8e6f0caz05880ef4ebba10az,2024-08-14,UPDATE,Produits,9202293533993,prix,14.28
386,08c8b678f8e6f0caz05880ef4ebba10az,2024-08-14,UPDATE,Produits,3749803575513,prix,14.48
387,08c8b678f8e6f0caz05880ef4ebba10az,2024-08-14,UPDATE,Produits,33905340052,prix,9.63
388,08c8b678f8e6f0caz05880ef4ebba10az,2024-08-14,UPDATE,Produits,2623764885161,prix,13.12
389,08c8b678f8e6f0caz05880ef4ebba10az,2024-08-14,UPDATE,Produits,4722850083036,prix,4.42
390,08c8b678f8e6f0caz05880ef4ebba10az,2024-08-14,UPDATE,Produits,4945947797657,prix,2.92
391,08c8b678f8e6f0caz05880ef4ebba10az,2024-08-14,UPDATE,Produits,4901899388808,prix,12.99
392,08c8b678f8e6f0caz05880ef4ebba10az,2024-08-14,UPDATE,Produits,2381186680231,prix,6.79
393,08c8b678f8e6f0caz05880ef4ebba10az,2024-08-14,UPDATE,Produits,2574616771976,prix,6.99
394,08c8b678f8e6f0caz05880ef4ebba10az,2024-08-14,UPDATE,Produits,197044976912,prix,7.72
395,08c8b678f8e6f0caz05880ef4ebba10az,2024-08-14,UPDATE,Produits,8553395402611,prix,2.04
396,08c8b678f8e6f0caz05880ef4ebba10az,2024-08-14,UPDATE,Produits,4115245963940,prix,5.55
397,08c8b678f8e6f0caz05880ef4ebba10az,2024-08-14,UPDATE,Produits,747847659766,prix,9.99
398,08c8b678f8e6f0caz05880ef4ebba10az,2024-08-14,UPDATE,Produits,7836799834346,prix,6.62
399,08c8b678f8e6f0caz05880ef4ebba10az,2024-08-14,UPDATE,Produits,4596801977741,prix,13.92
400,08c8b678f8e6f0caz05880ef4ebba10az,2024-08-14,UPDATE,Produits,3182033246185,prix,11.98
401,08c8b678f8e6f0caz05880ef4ebba10az,2024-08-14,UPDATE,Produits,267814064384,prix,2.68
402,08c8b678f8e6f0caz05880ef4ebba10az,2024-08-14,UPDATE,Produits,6102449000162,prix,2.85
403,08c8b678f8e6f0caz05880ef4ebba10az,2024-08-14,UPDATE,Produits,4462875396378,prix,6.89
404,08c8b678f8e6f0caz05880ef4ebba10az,2024-08-14,UPDATE,Produits,162461356853,prix,9.22
405,08c8b678f8e6f0caz05880ef4ebba10az,2024-08-14,UPDATE,Produits,3799000030633,prix,3.95
406,08c8b678f8e6f0caz05880ef4ebba10az,2024-08-14,UPDATE,Produits,890653183789,prix,1.55
407,08c8b678f8e6f0caz05880ef4ebba10az,2024-08-14,UPDATE,Produits,7213196585942,prix,3.05
408,08c8b678f8e6f0caz05880ef4ebba10az,2024-08-14,UPDATE,Produits,5409348426757,prix,2.49
409,08c8b678f8e6f0caz05880ef4ebba10az,2024-08-14,UPDATE,Produits,495049427041,prix,2.55
410,08c8b678f8e6f0caz05880ef4ebba10az,2024-08-14,UPDATE,Produits,1446461341691,prix,6.55
411,08c8b678f8e6f0caz05880ef4ebba10az,2024-08-14,UPDATE,Produits,2954302671378,prix,2.75
412,08c8b678f8e6f0caz05880ef4ebba10az,2024-08-14,UPDATE,Produits,9810294755720,prix,6
413,08c8b678f8e6f0caz05880ef4ebba10az,2024-08-14,UPDATE,Produits,7584854650019,prix,4.37
414,08c8b678f8e6f0caz05880ef4ebba10az,2024-08-14,UPDATE,Produits,4543939627805,prix,3.99
415,08c8b678f8e6f0caz05880ef4ebba10az,2024-08-14,UPDATE,Produits,6322500339495,prix,5.79
416,08c8b678f8e6f0caz05880ef4ebba10az,2024-08-14,UPDATE,Produits,7300728275055,prix,3.35
417,08c8b678f8e6f0caz05880ef4ebba10az,2024-08-14,UPDATE,Produits,3150839940993,prix,11.27
418,08c8b678f8e6f0caz05880ef4ebba10az,2024-08-14,UPDATE,Produits,5505296329470,prix,4.62
419,08c8b678f8e6f0caz05880ef4ebba10az,2024-08-14,UPDATE,Produits,7287537447080,prix,7.88
420,08c8b678f8e6f0caz05880ef4ebba10az,2024-08-14,UPDATE,Produits,3865253112878,prix,8.46
421,08c8b678f8e6f0caz05880ef4ebba10az,2024-08-14,UPDATE,Produits,1014696103833,prix,7.15
422,08c8b678f8e6f0caz05880ef4ebba10az,2024-08-14,UPDATE,Produits,5006421570758,prix,11.75
423,08c8b678f8e6f0caz05880ef4ebba10az,2024-08-14,UPDATE,Produits,8967617079936,prix,9.95
424,08c8b678f8e6f0caz05880ef4ebba10az,2024-08-14,UPDATE,Produits,8628434402119,prix,7.68
425,08c8b678f8e6f0caz05880ef4ebba10az,2024-08-14,UPDATE,Produits,6718915518067,prix,2.99
426,08c8b678f8e6f0caz05880ef4ebba10az,2024-08-14,UPDATE,Produits,6319687673925,prix,6.63
427,08c8b678f8e6f0caz05880ef4ebba10az,2024-08-14,UPDATE,Produits,4647206688963,prix,3.29
428,08c8b678f8e6f0caz05880ef4ebba10az,2024-08-14,UPDATE,Produits,4739793737886,prix,5.38
429,08c8b678f8e6f0caz05880ef4ebba10az,2024-08-14,UPDATE,Produits,9102676039511,prix,4.53
430,08c8b678f8e6f0caz05880ef4ebba10az,2024-08-14,UPDATE,Produits,1834965510065,prix,6.08
431,08c8b678f8e6f0caz05880ef4ebba10az,2024-08-14,UPDATE,Produits,5217697989748,prix,4.49
432,08c8b678f8e6f0caz05880ef4ebba10az,2024-08-14,UPDATE,Produits,2728993373642,prix,5.23
433,08c8b678f8e6f0caz05880ef4ebba10az,2024-08-14,UPDATE,Produits,7614322647883,prix,11.99
434,08c8b678f8e6f0caz05880ef4ebba10az,2024-08-14,UPDATE,Produits,5775831834528,prix,7.99
435,08c8b678f8e6f0caz05880ef4ebba10az,2024-08-14,UPDATE,Produits,7764164912350,prix,7.99
436,08c8b678f8e6f0caz05880ef4ebba10az,2024-08-14,UPDATE,Produits,9615133114892,prix,4.88
437,08c8b678f8e6f0caz05880ef4ebba10az,2024-08-14,UPDATE,Produits,1324876967879,prix,13.52
438,08c8b678f8e6f0caz05880ef4ebba10az,2024-08-14,UPDATE,Produits,252000039959,prix,2.99
439,08c8b678f8e6f0caz05880ef4ebba10az,2024-08-14,UPDATE,Produits,3035094369404,prix,5.49
440,08c8b678f8e6f0caz05880ef4ebba10az,2024-08-14,UPDATE,Produits,9192426175124,prix,10.59
441,08c8b678f8e6f0caz05880ef4ebba10az,2024-08-14,UPDATE,Produits,7547420851408,prix,12.01
442,08c8b678f8e6f0caz05880ef4ebba10az,2024-08-14,UPDATE,Produits,4518175473333,prix,12.99
443,08c8b678f8e6f0caz05880ef4ebba10az,2024-08-14,UPDATE,Produits,5802712445847,prix,16.72
444,08c8b678f8e6f0caz05880ef4ebba10az,2024-08-14,UPDATE,Produits,787416647962,prix,16.35
445,08c8b678f8e6f0caz05880ef4ebba10az,2024-08-14,UPDATE,Produits,8966881478894,prix,12.29
446,08c8b678f8e6f0caz05880ef4ebba10az,2024-08-14,UPDATE,Produits,5655883936694,prix,6.95
447,08c8b678f8e6f0caz05880ef4ebba10az,2024-08-14,UPDATE,Produits,8900077080404,prix,4.75
448,08c8b678f8e6f0caz05880ef4ebba10az,2024-08-14,UPDATE,Produits,2426275200631,prix,5.25
449,08c8b678f8e6f0caz05880ef4ebba10az,2024-08-14,UPDATE,Produits,3400026899272,prix,4.05
450,08c8b678f8e6f0caz05880ef4ebba10az,2024-08-14,UPDATE,Produits,8863369695491,prix,3.33
451,08c8b678f8e6f0caz05880ef4ebba10az,2024-08-14,UPDATE,Produits,1364053001585,prix,3.59
452,08c8b678f8e6f0caz05880ef4ebba10az,2024-08-14,UPDATE,Produits,9904779403479,prix,4.59
453,08c8b678f8e6f0caz05880ef4ebba10az,2024-08-14,UPDATE,Produits,3624786929985,prix,4.19
454,08c8b678f8e6f0caz05880ef4ebba10az,2024-08-14,UPDATE,Produits,3360667581694,prix,4.35
455,08c8b678f8e6f0caz05880ef4ebba10az,2024-08-14,UPDATE,Produits,1119172798214,prix,3.49
456,08c8b678f8e6f0caz05880ef4ebba10az,2024-08-14,UPDATE,Produits,1748001127744,prix,2.89
457,08c8b678f8e6f0caz05880ef4ebba10az,2024-08-14,UPDATE,Produits,6110955780866,prix,2.75
458,08c8b678f8e6f0caz05880ef4ebba10az,2024-08-14,UPDATE,Produits,600926091541,prix,4.39
459,08c8b678f8e6f0caz05880ef4ebba10az,2024-08-14,UPDATE,Produits,639832393854,prix,8.49
460,08c8b678f8e6f0caz05880ef4ebba10az,2024-08-14,UPDATE,Produits,9950422759527,prix,24.29
461,08c8b678f8e6f0caz05880ef4ebba10az,2024-08-14,UPDATE,Produits,7182000560940,prix,10.39
462,08c8b678f8e6f0caz05880ef4ebba10az,2024-08-14,UPDATE,Produits,6189780002643,prix,4.69
463,08c8b678f8e6f0caz05880ef4ebba10az,2024-08-14,UPDATE,Produits,1109224892974,prix,2.69
464,08c8b678f8e6f0caz05880ef4ebba10az,2024-08-14,UPDATE,Produits,6907675490043,prix,6.89
465,08c8b678f8e6f0caz05880ef4ebba10az,2024-08-14,UPDATE,Produits,2262496222955,prix,8.52
466,08c8b678f8e6f0caz05880ef4ebba10az,2024-08-14,UPDATE,Produits,5701435218243,prix,4.05
467,08c8b678f8e6f0caz05880ef4ebba10az,2024-08-14,UPDATE,Produits,6353902678164,prix,11.89
468,08c8b678f8e6f0caz05880ef4ebba10az,2024-08-14,UPDATE,Produits,6634006478195,prix,8.08
469,08c8b678f8e6f0caz05880ef4ebba10az,2024-08-14,UPDATE,Produits,1925505763575,prix,6.45
470,08c8b678f8e6f0caz05880ef4ebba10az,2024-08-14,UPDATE,Produits,3790684281424,prix,3.95
471,08c8b678f8e6f0caz05880ef4ebba10az,2024-08-14,UPDATE,Produits,7479517885995,prix,3.69
472,08c8b678f8e6f0caz05880ef4ebba10az,2024-08-14,UPDATE,Produits,1637702840163,prix,3.32
473,08c8b678f8e6f0caz05880ef4ebba10az,2024-08-14,UPDATE,Produits,8106743925699,prix,5.49
474,08c8b678f8e6f0caz05880ef4ebba10az,2024-08-14,UPDATE,Produits,5864500846588,prix,4.29
475,08c8b678f8e6f0caz05880ef4ebba10az,2024-08-14,UPDATE,Produits,3926423334860,prix,6.99
476,08c8b678f8e6f0caz05880ef4ebba10az,2024-08-14,UPDATE,Produits,3950572785415,prix,4.25
477,08c8b678f8e6f0caz05880ef4ebba10az,2024-08-14,UPDATE,Produits,2811559669507,prix,21.89
478,08c8b678f8e6f0caz05880ef4ebba10az,2024-08-14,UPDATE,Produits,8833720870213,prix,4.15
479,08c8b678f8e6f0caz05880ef4ebba10az,2024-08-14,UPDATE,Produits,5510559064077,prix,4.19
480,08c8b678f8e6f0caz05880ef4ebba10az,2024-08-14,UPDATE,Produits,3747994309899,prix,4.29
481,08c8b678f8e6f0caz05880ef4ebba10az,2024-08-14,UPDATE,Produits,5059955670489,prix,7.49
482,08c8b678f8e6f0caz05880ef4ebba10az,2024-08-14,UPDATE,Produits,7920870744549,prix,5.75
483,08c8b678f8e6f0caz05880ef4ebba10az,2024-08-14,UPDATE,Produits,4869274294665,prix,10.32
484,08c8b678f8e6f0caz05880ef4ebba10az,2024-08-14,UPDATE,Produits,4159512271743,prix,6.92
485,08c8b678f8e6f0caz05880ef4ebba10az,2024-08-14,UPDATE,Produits,6833477705457,prix,5.98
486,08c8b678f8e6f0caz05880ef4ebba10az,2024-08-14,UPDATE,Produits,7540784936614,prix,14.99
487,08c8b678f8e6f0caz05880ef4ebba10az,2024-08-14,UPDATE,Produits,2872617077236,prix,6.99
488,08c8b678f8e6f0caz05880ef4ebba10az,2024-08-14,UPDATE,Produits,2522332192972,prix,16.99
489,08c8b678f8e6f0caz05880ef4ebba10az,2024-08-14,UPDATE,Produits,6553075303771,prix,13.99
490,08c8b678f8e6f0caz05880ef4ebba10az,2024-08-14,UPDATE,Produits,9574187835694,prix,9.99
491,08c8b678f8e6f0caz05880ef4ebba10az,2024-08-14,UPDATE,Produits,4343510804839,prix,9.99
492,08c8b678f8e6f0caz05880ef4ebba10az,2024-08-14,UPDATE,Produits,7336562414671,prix,31.99
493,08c8b678f8e6f0caz05880ef4ebba10az,2024-08-14,UPDATE,Produits,1434852576530,prix,15.99
494,08c8b678f8e6f0caz05880ef4ebba10az,2024-08-14,UPDATE,Produits,3474477192160,prix,9.99
495,08c8b678f8e6f0caz05880ef4ebba10az,2024-08-14,UPDATE,Produits,9574641729592,prix,19.99
496,08c8b678f8e6f0caz05880ef4ebba10az,2024-08-14,UPDATE,Produits,2329937901725,prix,6.99
497,08c8b678f8e6f0caz05880ef4ebba10az,2024-08-14,UPDATE,Produits,8699964775630,prix,2.99
498,08c8b678f8e6f0caz05880ef4ebba10az,2024-08-14,UPDATE,Produits,1147343023041,prix,21.99
499,08c8b678f8e6f0caz05880ef4ebba10az,2024-08-14,UPDATE,Produits,6451027850434,prix,16.99
500,08c8b678f8e6f0caz05880ef4ebba10az,2024-08-14,UPDATE,Produits,623573674083,prix,12.99
501,08c8b678f8e6f0caz05880ef4ebba10az,2024-08-14,UPDATE,Produits,3877039543975,prix,14.99
502,08c8b678f8e6f0caz05880ef4ebba10az,2024-08-14,UPDATE,Produits,1924622050349,prix,7.99
503,08c8b678f8e6f0caz05880ef4ebba10az,2024-08-14,UPDATE,Produits,4856246741015,prix,10.99
504,08c8b678f8e6f0caz05880ef4ebba10az,2024-08-14,UPDATE,Produits,8766450007595,prix,9.99
505,08c8b678f8e6f0caz05880ef4ebba10az,2024-08-14,UPDATE,Produits,4316125907046,prix,12.05
506,08c8b678f8e6f0caz05880ef4ebba10az,2024-08-14,UPDATE,Produits,1698363492281,prix,11.09
507,08c8b678f8e6f0caz05880ef4ebba10az,2024-08-14,UPDATE,Produits,1806348545185,prix,6.09
508,08c8b678f8e6f0caz05880ef4ebba10az,2024-08-14,UPDATE,Produits,7355613778712,prix,10.05
509,08c8b678f8e6f0caz05880ef4ebba10az,2024-08-14,UPDATE,Produits,755015801603,prix,13.99
510,08c8b678f8e6f0caz05880ef4ebba10az,2024-08-14,UPDATE,Produits,7272502979877,prix,13.99
511,08c8b678f8e6f0caz05880ef4ebba10az,2024-08-14,UPDATE,Produits,518563359727,prix,13.99
512,08c8b678f8e6f0caz05880ef4ebba10az,2024-08-14,UPDATE,Produits,5259818622990,prix,20.99
513,08c8b678f8e6f0caz05880ef4ebba10az,2024-08-14,UPDATE,Produits,8209311807751,prix,20.99
514,08c8b678f8e6f0caz05880ef4ebba10az,2024-08-14,UPDATE,Produits,4651593631728,prix,9.99
515,08c8b678f8e6f0caz05880ef4ebba10az,2024-08-14,UPDATE,Produits,3781546346602,prix,15.99
516,08c8b678f8e6f0caz05880ef4ebba10az,2024-08-14,UPDATE,Produits,7092999412951,prix,11.99
517,08c8b678f8e6f0caz05880ef4ebba10az,2024-08-14,UPDATE,Produits,9447441897552,prix,11.99
518,08c8b678f8e6f0caz05880ef4ebba10az,2024-08-14,UPDATE,Produits,239028133326,prix,14.05
519,08c8b678f8e6f0caz05880ef4ebba10az,2024-08-14,UPDATE,Produits,208778276011,prix,14.05
520,08c8b678f8e6f0caz05880ef4ebba10az,2024-08-14,UPDATE,Produits,2148632339290,prix,14.09
521,08c8b678f8e6f0caz05880ef4ebba10az,2024-08-14,UPDATE,Produits,8151528194384,prix,9.05
522,08c8b678f8e6f0caz05880ef4ebba10az,2024-08-14,UPDATE,Produits,3208631781656,prix,5.95
523,08c8b678f8e6f0caz05880ef4ebba10az,2024-08-14,UPDATE,Produits,1889536392732,prix,7.05
524,08c8b678f8e6f0caz05880ef4ebba10az,2024-08-14,UPDATE,Produits,6554927485256,prix,7.99
525,08c8b678f8e6f0caz05880ef4ebba10az,2024-08-14,UPDATE,Produits,6753841650006,prix,9.09
526,08c8b678f8e6f0caz05880ef4ebba10az,2024-08-14,UPDATE,Produits,9473510318092,prix,12.09
527,08c8b678f8e6f0caz05880ef4ebba10az,2024-08-14,UPDATE,Produits,7087171850457,prix,9.07
528,08c8b678f8e6f0caz05880ef4ebba10az,2024-08-14,UPDATE,Produits,9559942138975,prix,7.99
529,08c8b678f8e6f0caz05880ef4ebba10az,2024-08-14,UPDATE,Produits,4219278039051,prix,4.99
530,08c8b678f8e6f0caz05880ef4ebba10az,2024-08-14,UPDATE,Produits,5668641366402,prix,4.99
531,08c8b678f8e6f0caz05880ef4ebba10az,2024-08-14,UPDATE,Produits,8060158880621,prix,8.09
532,08c8b678f8e6f0caz05880ef4ebba10az,2024-08-14,UPDATE,Produits,2196573414656,prix,4.99
533,08c8b678f8e6f0caz05880ef4ebba10az,2024-08-14,UPDATE,Produits,2346792624707,prix,5.95
534,08c8b678f8e6f0caz05880ef4ebba10az,2024-08-14,UPDATE,Produits,1987784879907,prix,13.02
535,08c8b678f8e6f0caz05880ef4ebba10az,2024-08-14,UPDATE,Produits,9407763228341,prix,13.05
536,08c8b678f8e6f0caz05880ef4ebba10az,2024-08-14,UPDATE,Produits,3397832829156,prix,13.99
537,08c8b678f8e6f0caz05880ef4ebba10az,2024-08-14,UPDATE,Produits,3681312608285,prix,8.75
538,08c8b678f8e6f0caz05880ef4ebba10az,2024-08-14,UPDATE,Produits,9600189955798,prix,14.05
539,08c8b678f8e6f0caz05880ef4ebba10az,2024-08-14,UPDATE,Produits,9789610969699,prix,13.25
540,08c8b678f8e6f0caz05880ef4ebba10az,2024-08-14,UPDATE,Produits,2513786818028,prix,8.75
541,08c8b678f8e6f0caz05880ef4ebba10az,2024-08-14,UPDATE,Produits,7915838428856,prix,8.75
542,08c8b678f8e6f0caz05880ef4ebba10az,2024-08-14,UPDATE,Produits,1709311869812,prix,11.75
543,08c8b678f8e6f0caz05880ef4ebba10az,2024-08-14,UPDATE,Produits,7887936558448,prix,9.99
544,08c8b678f8e6f0caz05880ef4ebba10az,2024-08-14,UPDATE,Produits,4792213390272,prix,14.99
545,08c8b678f8e6f0caz05880ef4ebba10az,2024-08-14,UPDATE,Produits,340715259445,prix,14.99
546,08c8b678f8e6f0caz05880ef4ebba10az,2024-08-14,UPDATE,Produits,3032215319629,prix,10.09
547,08c8b678f8e6f0caz05880ef4ebba10az,2024-08-14,UPDATE,Produits,7606741630209,prix,8.75
548,08c8b678f8e6f0caz05880ef4ebba10az,2024-08-14,UPDATE,Produits,1368174723512,prix,13.25
549,08c8b678f8e6f0caz05880ef4ebba10az,2024-08-14,UPDATE,Produits,2559941042853,prix,13.25
550,08c8b678f8e6f0caz05880ef4ebba10az,2024-08-14,UPDATE,Produits,3660679724971,prix,13.25
551,08c8b678f8e6f0caz05880ef4ebba10az,2024-08-14,UPDATE,Produits,3656210704911,prix,4.01
552,08c8b678f8e6f0caz05880ef4ebba10az,2024-08-14,UPDATE,Produits,337711952528,prix,2.07
553,08c8b678f8e6f0caz05880ef4ebba10az,2024-08-14,UPDATE,Produits,8630403674725,prix,10.09
554,08c8b678f8e6f0caz05880ef4ebba10az,2024-08-14,UPDATE,Produits,3962236272413,prix,3.07
555,08c8b678f8e6f0caz05880ef4ebba10az,2024-08-14,UPDATE,Produits,9345299729219,prix,3.25
556,08c8b678f8e6f0caz05880ef4ebba10az,2024-08-14,UPDATE,Produits,9321461367508,prix,5.15
557,08c8b678f8e6f0caz05880ef4ebba10az,2024-08-14,UPDATE,Produits,9451434320353,prix,2.75
558,08c8b678f8e6f0caz05880ef4ebba10az,2024-08-14,UPDATE,Produits,7442018714952,prix,20.05
559,08c8b678f8e6f0caz05880ef4ebba10az,2024-08-14,UPDATE,Produits,7269337352862,prix,17.05
560,08c8b678f8e6f0caz05880ef4ebba10az,2024-08-14,UPDATE,Produits,3549991924770,prix,9.09
561,08c8b678f8e6f0caz05880ef4ebba10az,2024-08-14,UPDATE,Produits,6954158651853,prix,7.09
562,08c8b678f8e6f0caz05880ef4ebba10az,2024-08-14,UPDATE,Produits,5301004517059,prix,5.29
563,08c8b678f8e6f0caz05880ef4ebba10az,2024-08-14,UPDATE,Produits,488956091994,prix,5.29
564,08c8b678f8e6f0caz05880ef4ebba10az,2024-08-14,UPDATE,Produits,3462128426004,prix,21.03
565,08c8b678f8e6f0caz05880ef4ebba10az,2024-08-14,UPDATE,Produits,6068951847981,prix,6.75
566,08c8b678f8e6f0caz05880ef4ebba10az,2024-08-14,UPDATE,Produits,7084977056744,prix,9.95
567,08c8b678f8e6f0caz05880ef4ebba10az,2024-08-14,UPDATE,Produits,1585682592508,prix,23.09
568,08c8b678f8e6f0caz05880ef4ebba10az,2024-08-14,UPDATE,Produits,7276942094076,prix,9.95
569,08c8b678f8e6f0caz05880ef4ebba10az,2024-08-14,UPDATE,Produits,4284735084455,prix,5.89
570,08c8b678f8e6f0caz05880ef4ebba10az,2024-08-14,UPDATE,Produits,5747755743337,prix,5.79
571,08c8b678f8e6f0caz05880ef4ebba10az,2024-08-14,UPDATE,Produits,3998452632969,prix,6.95
572,08c8b678f8e6f0caz05880ef4ebba10az,2024-08-14,UPDATE,Produits,217346108612,prix,6.95
573,08c8b678f8e6f0caz05880ef4ebba10az,2024-08-14,UPDATE,Produits,772813944747,prix,2.02
574,08c8b678f8e6f0caz05880ef4ebba10az,2024-08-14,UPDATE,Produits,7771762215223,prix,8.02
575,08c8b678f8e6f0caz05880ef4ebba10az,2024-08-14,UPDATE,Produits,7049526261087,prix,5.04
576,08c8b678f8e6f0caz05880ef4ebba10az,2024-08-14,UPDATE,Produits,6594436588304,prix,6.05
577,08c8b678f8e6f0caz05880ef4ebba10az,2024-08-14,UPDATE,Produits,2454517009945,prix,16.25
578,08c8b678f8e6f0caz05880ef4ebba10az,2024-08-14,UPDATE,Produits,6423877099420,prix,15.05
579,08c8b678f8e6f0caz05880ef4ebba10az,2024-08-14,UPDATE,Produits,2750747462768,prix,23.05
580,08c8b678f8e6f0caz05880ef4ebba10az,2024-08-14,UPDATE,Produits,8372309591922,prix,29.09
581,08c8b678f8e6f0caz05880ef4ebba10az,2024-08-14,UPDATE,Produits,5537782726446,prix,64.9
582,08c8b678f8e6f0caz05880ef4ebba10az,2024-08-14,UPDATE,Produits,4372693644862,prix,4.06
583,08c8b678f8e6f0caz05880ef4ebba10az,2024-08-14,UPDATE,Produits,2578722096499,prix,1.72
584,08c8b678f8e6f0caz05880ef4ebba10az,2024-08-14,UPDATE,Produits,6455771670062,prix,3.87
585,08c8b678f8e6f0caz05880ef4ebba10az,2024-08-14,UPDATE,Produits,590117069022,prix,3.53
586,08c8b678f8e6f0caz05880ef4ebba10az,2024-08-14,UPDATE,Produits,6982412807453,prix,6.59
587,08c8b678f8e6f0caz05880ef4ebba10az,2024-08-14,UPDATE,Produits,7934847819537,prix,8.02
588,08c8b678f8e6f0caz05880ef4ebba10az,2024-08-14,UPDATE,Produits,3804717100551,prix,12.95
589,08c8b678f8e6f0caz05880ef4ebba10az,2024-08-14,UPDATE,Produits,5080018472862,prix,3.09
590,08c8b678f8e6f0caz05880ef4ebba10az,2024-08-14,UPDATE,Produits,9684517970140,prix,19.99
591,08c8b678f8e6f0caz05880ef4ebba10az,2024-08-14,UPDATE,Produits,287485526957,prix,3.05
592,08c8b678f8e6f0caz05880ef4ebba10az,2024-08-14,UPDATE,Produits,9497364583525,prix,6.09
593,08c8b678f8e6f0caz05880ef4ebba10az,2024-08-14,UPDATE,Produits,3187312749525,prix,15.09
594,08c8b678f8e6f0caz05880ef4ebba10az,2024-08-14,UPDATE,Produits,6640956070219,prix,4.09
